emaFast,emaSlow,stLen,stMult,stRsiLen,volLen,volMult,minScore,minBars,2024_n,2024_wr,2024_pnl,2024_pf,2024_avgW,2024_avgL,2024_maxDD,2024_score,2025_n,2025_wr,2025_pnl,2025_pf,2025_avgW,2025_avgL,2025_maxDD,2025_score,2026_n,2026_wr,2026_pnl,2026_pf,2026_avgW,2026_avgL,2026_maxDD,2026_score,total_score,total_pnl
13,34,7,2.0,10,14,1.2,5,5,455,56.5,38.57,1.08,2.085,-2.511,-52.92,1.206,415,54.7,-56.3,0.89,1.997,-2.711,-104.49,-0.7344,192,60.9,59.45,1.36,1.925,-2.21,-10.32,11.4828,11.9544,41.720000000000006
13,34,14,3.0,10,20,1.2,5,5,451,56.1,43.52,1.09,2.122,-2.491,-46.49,1.5567,406,51.2,-106.6,0.8,2.067,-2.71,-136.44,-0.94,198,60.1,49.84,1.29,1.874,-2.192,-10.02,9.3234,9.9401,-13.239999999999988
13,34,7,2.0,14,20,1.5,5,5,417,56.6,33.14,1.07,2.066,-2.511,-38.16,1.4217,379,54.6,-29.06,0.94,2.09,-2.685,-113.32,-0.3683,176,60.2,47.05,1.3,1.929,-2.249,-10.15,8.779,9.8324,51.129999999999995
13,34,7,3.0,10,20,1.2,5,5,452,56.2,34.72,1.07,2.082,-2.495,-44.03,1.289,410,50.0,-132.94,0.76,2.065,-2.714,-156.62,-0.9628,201,61.2,53.78,1.31,1.825,-2.189,-11.58,9.0644,9.3906,-44.44
13,34,10,3.0,10,20,1.2,5,5,455,56.0,34.84,1.07,2.088,-2.488,-45.52,1.2505,408,50.5,-121.15,0.78,2.07,-2.711,-151.64,-0.9302,199,61.3,52.68,1.31,1.815,-2.192,-11.58,8.8658,9.1861,-33.63
13,34,7,2.0,10,20,1.5,5,5,421,56.8,35.94,1.08,2.07,-2.52,-36.75,1.6096,383,55.6,-21.6,0.95,2.055,-2.702,-80.12,-0.3949,184,59.2,43.17,1.26,1.91,-2.201,-10.24,7.7196,8.9343,57.51
13,34,7,2.0,14,20,1.2,5,5,447,55.9,31.5,1.06,2.095,-2.499,-41.02,1.2437,397,55.2,-33.95,0.93,2.036,-2.696,-104.11,-0.4657,189,60.8,50.87,1.31,1.884,-2.24,-12.15,8.131,8.909,48.419999999999995
13,34,7,2.0,10,20,1.2,5,5,443,56.9,48.06,1.1,2.088,-2.504,-37.08,2.1789,404,54.2,-56.64,0.89,2.035,-2.715,-91.62,-0.8367,193,59.6,46.73,1.27,1.902,-2.205,-12.18,7.193,8.5352,38.15
13,34,14,3.0,10,20,1.5,5,5,430,56.3,46.14,1.1,2.131,-2.497,-40.24,1.9205,386,53.1,-67.26,0.86,2.071,-2.717,-102.96,-0.8551,187,59.4,44.69,1.27,1.899,-2.185,-11.91,6.9987,8.0641,23.569999999999993
13,34,7,3.0,10,14,1.2,5,5,462,55.4,29.48,1.06,2.121,-2.493,-53.94,0.8816,424,49.8,-151.46,0.74,2.018,-2.711,-179.13,-0.9289,201,61.7,56.58,1.33,1.821,-2.198,-14.19,8.0386,7.991300000000001,-65.4
13,34,10,2.0,10,14,1.2,5,5,457,55.4,17.47,1.03,2.093,-2.51,-67.13,0.4119,422,55.0,-52.12,0.9,1.99,-2.705,-109.01,-0.6598,191,60.7,61.22,1.37,1.952,-2.203,-15.46,8.1939,7.945999999999999,26.57
13,34,7,2.0,14,14,1.2,5,5,452,57.3,50.47,1.1,2.054,-2.495,-46.03,1.8649,408,54.9,-38.68,0.92,2.037,-2.69,-113.27,-0.4834,192,60.4,52.37,1.31,1.931,-2.258,-15.73,6.5539,7.9354,64.16
13,34,10,2.0,14,14,1.2,5,5,453,56.5,35.35,1.07,2.059,-2.496,-50.37,1.1545,410,54.4,-49.74,0.9,2.031,-2.688,-122.13,-0.5619,192,60.4,55.37,1.32,1.95,-2.248,-15.42,7.1599,7.7525,40.98
13,34,7,2.0,10,14,1.5,5,5,430,56.0,25.91,1.05,2.07,-2.502,-51.0,0.8203,394,53.8,-51.79,0.9,2.083,-2.711,-109.67,-0.6442,185,60.5,47.76,1.3,1.865,-2.207,-12.33,7.4569,7.633,21.88
13,34,10,3.0,10,14,1.2,5,5,466,54.9,23.35,1.04,2.131,-2.486,-60.38,0.6156,421,49.9,-144.56,0.75,2.029,-2.705,-179.03,-0.8986,199,61.8,55.48,1.33,1.811,-2.202,-14.16,7.8846,7.6015999999999995,-65.73000000000002
13,34,10,3.0,10,20,1.5,5,5,432,56.2,38.69,1.08,2.1,-2.495,-39.27,1.6245,389,52.4,-79.64,0.84,2.071,-2.714,-119.8,-0.8456,187,60.4,46.36,1.29,1.842,-2.187,-13.14,6.7682,7.5471,5.409999999999997
13,34,7,2.0,10,14,1.2,5,3,501,56.5,42.86,1.08,2.093,-2.52,-61.19,1.1626,443,54.6,-38.08,0.93,2.113,-2.734,-99.16,-0.5472,216,59.7,46.7,1.24,1.867,-2.231,-12.97,6.6245,7.2399000000000004,51.480000000000004
13,34,10,3.0,10,14,1.5,5,5,440,54.5,14.69,1.03,2.134,-2.487,-63.12,0.3646,403,51.1,-107.54,0.8,2.075,-2.716,-145.98,-0.8834,193,61.1,48.64,1.3,1.805,-2.191,-12.11,7.7472,7.228400000000001,-44.21000000000001
13,34,14,3.0,10,14,1.5,5,5,438,54.8,26.44,1.05,2.163,-2.488,-57.5,0.7371,402,52.0,-92.41,0.82,2.069,-2.719,-130.21,-0.882,192,59.9,45.94,1.27,1.865,-2.189,-11.96,7.212,7.0671,-20.03
13,34,7,3.0,10,20,1.5,5,5,429,56.4,35.89,1.08,2.084,-2.504,-37.78,1.5587,391,51.9,-91.44,0.82,2.066,-2.717,-124.8,-0.9066,189,59.8,44.55,1.27,1.861,-2.181,-13.14,6.3881,7.0402,-11.0
13,34,10,2.0,14,14,1.5,5,5,430,56.5,30.86,1.07,2.045,-2.493,-54.42,0.9291,385,54.5,-29.07,0.94,2.107,-2.695,-115.85,-0.3607,182,59.9,42.92,1.26,1.904,-2.254,-12.52,6.3971,6.9655000000000005,44.71
13,34,10,2.0,14,20,1.5,5,5,418,55.7,18.88,1.04,2.072,-2.507,-45.83,0.6535,379,55.4,-17.22,0.96,2.075,-2.68,-111.47,-0.2289,177,59.9,47.12,1.3,1.947,-2.243,-14.16,6.4404,6.865,48.78
13,34,7,3.0,10,14,1.5,5,5,437,54.9,12.61,1.03,2.102,-2.497,-60.01,0.3284,406,50.7,-117.74,0.78,2.067,-2.717,-149.38,-0.9245,195,60.5,46.83,1.28,1.823,-2.185,-12.11,7.3276,6.7315000000000005,-58.3
13,34,14,2.0,14,14,1.2,5,5,451,56.5,32.59,1.07,2.046,-2.496,-53.55,0.9974,411,54.7,-47.9,0.9,2.011,-2.69,-121.1,-0.5489,194,59.8,49.72,1.28,1.933,-2.237,-15.42,6.2165,6.665,34.410000000000004
13,34,14,3.0,10,14,1.2,5,5,463,54.9,26.64,1.05,2.153,-2.489,-62.62,0.6817,420,50.7,-128.72,0.77,2.024,-2.704,-162.54,-0.9135,198,60.6,52.68,1.31,1.87,-2.201,-15.05,6.8912,6.659400000000001,-49.4
13,34,14,3.0,14,20,1.2,5,5,454,55.5,27.97,1.06,2.11,-2.493,-38.01,1.1769,401,53.1,-70.61,0.86,2.052,-2.701,-109.25,-0.8444,196,60.2,50.83,1.3,1.879,-2.191,-16.16,6.1553,6.4878,8.189999999999998
9,34,7,3.0,10,20,1.2,5,5,455,56.3,31.34,1.06,2.054,-2.484,-49.07,1.04,413,49.9,-136.11,0.76,2.066,-2.714,-159.57,-0.9626,205,59.5,40.33,1.22,1.817,-2.184,-11.58,6.2542,6.3316,-64.44000000000001
13,34,10,2.0,14,20,1.2,5,5,450,54.9,12.56,1.02,2.101,-2.495,-45.37,0.43,397,55.2,-34.07,0.93,2.032,-2.692,-109.38,-0.4449,189,60.3,49.75,1.3,1.908,-2.237,-15.47,6.2782,6.2633,28.240000000000002
13,34,14,2.0,10,14,1.2,5,5,454,55.9,27.0,1.05,2.086,-2.515,-65.76,0.6646,424,55.0,-58.24,0.89,1.965,-2.702,-112.76,-0.7037,192,59.9,53.37,1.31,1.94,-2.205,-16.8,6.3007,6.2616,22.129999999999995
13,34,10,2.0,10,14,1.5,5,5,432,55.1,9.73,1.02,2.075,-2.495,-62.0,0.2445,400,54.0,-49.63,0.9,2.076,-2.706,-117.4,-0.5812,183,60.7,51.17,1.32,1.893,-2.208,-15.65,6.5265,6.1898,11.269999999999996
13,34,14,2.0,14,20,1.5,5,5,415,55.9,20.37,1.04,2.067,-2.509,-42.39,0.7645,377,55.7,-14.87,0.97,2.061,-2.68,-107.33,-0.2066,179,59.2,41.66,1.26,1.928,-2.229,-14.16,5.4964,6.0543000000000005,47.16
13,34,14,2.0,14,14,1.5,5,5,427,56.4,29.14,1.06,2.046,-2.494,-54.19,0.8778,383,54.8,-26.71,0.94,2.093,-2.695,-113.68,-0.34,184,59.2,37.46,1.22,1.885,-2.24,-12.52,5.3939,5.9317,39.89
13,34,14,3.0,14,20,1.5,5,5,427,56.0,35.88,1.08,2.117,-2.5,-37.92,1.5474,383,53.8,-55.44,0.88,2.047,-2.695,-101.32,-0.7364,181,59.1,44.93,1.28,1.94,-2.199,-16.92,5.0904,5.9014,25.370000000000005
13,34,10,2.0,10,20,1.5,5,5,423,55.8,19.72,1.04,2.075,-2.513,-47.78,0.6564,385,56.6,-4.39,0.99,2.049,-2.701,-77.07,-0.0872,184,58.7,42.23,1.25,1.936,-2.196,-15.21,5.181,5.7501999999999995,57.559999999999995
13,34,14,3.0,10,20,1.5,4,5,616,57.5,39.58,1.06,1.984,-2.529,-76.29,0.8547,614,52.4,-143.17,0.82,2.039,-2.739,-164.66,-1.0817,281,61.2,64.1,1.27,1.777,-2.216,-22.11,5.6574,5.4304,-39.489999999999995
13,34,10,2.0,10,14,1.2,5,3,505,56.0,31.02,1.06,2.085,-2.518,-68.81,0.7318,453,54.5,-37.63,0.93,2.121,-2.726,-103.9,-0.5172,216,59.3,46.09,1.24,1.891,-2.227,-16.68,5.1279,5.3425,39.480000000000004
13,34,14,2.0,10,14,1.5,5,5,430,55.6,19.3,1.04,2.076,-2.497,-58.51,0.525,400,54.0,-55.29,0.89,2.051,-2.708,-119.26,-0.6295,184,59.8,43.5,1.27,1.88,-2.207,-15.65,5.2862,5.1817,7.510000000000005
13,34,10,2.0,10,20,1.2,5,5,445,56.0,30.71,1.06,2.093,-2.503,-51.01,0.9787,410,54.9,-45.1,0.91,2.027,-2.71,-90.45,-0.6951,192,58.9,44.62,1.26,1.935,-2.202,-17.32,4.8601,5.1437,30.229999999999997
13,34,14,2.0,14,20,1.2,5,5,448,54.9,11.92,1.02,2.097,-2.495,-42.72,0.4323,396,55.8,-26.31,0.94,2.013,-2.693,-103.25,-0.3713,191,59.7,41.95,1.25,1.87,-2.224,-15.47,5.0637,5.1247,27.560000000000002
13,34,14,3.0,10,14,1.2,5,3,514,54.9,23.43,1.04,2.143,-2.504,-72.3,0.5149,456,50.9,-108.65,0.82,2.164,-2.726,-132.75,-1.0076,220,60.0,45.51,1.23,1.818,-2.21,-15.14,5.5669,5.0742,-39.71
9,34,7,2.0,10,14,1.2,5,5,467,55.0,-1.8,1.0,2.04,-2.505,-64.11,-0.0428,428,52.8,-99.87,0.82,2.0,-2.732,-128.95,-0.9618,198,59.1,42.9,1.24,1.885,-2.194,-12.96,6.0673,5.0627,-58.77
13,21,7,3.0,10,20,1.2,5,5,464,57.1,49.02,1.1,2.059,-2.496,-49.97,1.66,415,49.4,-142.75,0.75,2.084,-2.714,-169.66,-0.9367,207,58.9,36.84,1.2,1.82,-2.178,-15.28,4.3121,5.0354,-56.889999999999986
13,34,7,2.0,14,14,1.5,5,5,429,56.9,38.54,1.08,2.049,-2.494,-49.24,1.3039,384,54.2,-33.7,0.93,2.122,-2.7,-113.43,-0.4218,183,59.6,38.28,1.23,1.883,-2.256,-17.23,4.1198,5.0019,43.12
13,34,14,3.0,14,14,1.2,5,5,462,56.3,46.25,1.09,2.105,-2.481,-44.27,1.7438,415,52.8,-87.96,0.83,2.013,-2.698,-120.38,-0.9229,200,59.0,39.9,1.22,1.878,-2.215,-17.53,4.1759,4.9968,-1.8099999999999952
13,34,7,2.0,10,14,1.5,5,3,467,56.3,40.84,1.08,2.11,-2.52,-52.8,1.2809,417,53.7,-40.35,0.92,2.17,-2.728,-107.92,-0.5258,201,59.2,36.24,1.2,1.846,-2.237,-15.44,4.2029,4.957999999999999,36.730000000000004
13,34,7,2.0,14,20,1.5,5,3,448,55.8,14.92,1.03,2.057,-2.522,-46.96,0.4991,405,53.6,-38.4,0.92,2.169,-2.708,-118.24,-0.4573,195,59.0,34.84,1.19,1.873,-2.257,-12.47,4.9041,4.9459,11.360000000000007
13,34,14,3.0,14,20,1.5,4,5,607,58.5,68.9,1.11,1.982,-2.519,-60.93,1.9547,610,52.1,-159.26,0.8,2.003,-2.727,-168.57,-1.143,273,60.1,57.92,1.24,1.831,-2.224,-26.81,4.1315,4.9432,-32.43999999999998
13,21,14,3.0,14,20,1.5,4,5,612,57.5,49.72,1.08,2.005,-2.523,-63.34,1.3094,624,52.6,-170.38,0.79,1.956,-2.743,-191.48,-1.0671,275,59.6,51.43,1.21,1.826,-2.234,-20.3,4.6535,4.8958,-69.22999999999999
9,34,7,3.0,10,14,1.2,5,5,467,55.7,26.12,1.05,2.077,-2.482,-60.29,0.6971,430,49.1,-171.1,0.71,2.008,-2.716,-198.54,-0.9105,206,59.7,40.69,1.22,1.813,-2.196,-14.76,5.0453,4.8319,-104.28999999999999
13,34,7,3.0,14,20,1.5,4,5,610,57.9,51.9,1.08,1.976,-2.513,-62.35,1.3972,605,51.7,-169.21,0.79,2.001,-2.724,-186.04,-1.0807,276,59.4,49.92,1.2,1.82,-2.219,-20.23,4.5028,4.8193,-67.39
13,34,7,3.0,10,14,1.2,5,3,516,55.2,21.66,1.04,2.11,-2.509,-74.28,0.4633,457,49.5,-137.12,0.78,2.182,-2.728,-152.34,-1.0457,224,60.7,44.78,1.23,1.759,-2.209,-15.49,5.3684,4.7860000000000005,-70.68
13,34,7,3.0,10,14,1.2,6,5,101,57.4,30.2,1.28,2.382,-2.511,-12.59,4.4781,73,57.5,8.24,1.1,2.179,-2.686,-16.5,0.8147,38,44.7,-14.75,0.67,1.795,-2.155,-26.32,-0.5269,4.7659,23.689999999999998
9,34,10,3.0,10,20,1.2,5,5,458,56.1,31.46,1.06,2.06,-2.477,-51.28,0.9987,412,50.2,-126.82,0.77,2.072,-2.711,-157.12,-0.93,204,58.8,34.31,1.19,1.814,-2.183,-12.9,4.6542,4.7229,-61.04999999999998
13,34,14,2.0,10,20,1.2,5,5,442,56.8,49.3,1.1,2.102,-2.504,-40.6,2.0493,409,55.7,-36.24,0.93,1.995,-2.713,-82.76,-0.6242,193,58.0,34.61,1.19,1.901,-2.202,-19.25,3.225,4.6501,47.669999999999995
9,21,14,3.0,10,20,1.5,4,5,621,58.3,64.0,1.1,1.989,-2.533,-42.04,2.5831,620,52.9,-148.45,0.82,2.0,-2.755,-194.16,-0.9485,289,58.8,39.17,1.15,1.798,-2.239,-23.47,2.9166,4.5512,-45.27999999999999
13,34,14,2.0,10,14,1.2,5,3,504,56.2,32.03,1.06,2.078,-2.516,-77.43,0.6743,456,54.4,-46.48,0.92,2.097,-2.724,-110.38,-0.5914,216,59.3,43.91,1.22,1.873,-2.226,-18.2,4.4578,4.540699999999999,29.46
9,21,7,3.0,10,20,1.2,5,5,464,58.0,57.59,1.12,2.031,-2.506,-39.68,2.4998,415,49.4,-139.18,0.76,2.106,-2.719,-165.47,-0.9446,208,57.7,30.1,1.16,1.846,-2.176,-17.41,2.9824,4.5376,-51.49
13,21,14,3.0,10,20,1.2,5,5,457,57.1,57.37,1.12,2.093,-2.494,-50.32,1.9627,413,50.1,-124.82,0.78,2.091,-2.707,-157.82,-0.9158,206,57.8,29.47,1.16,1.842,-2.181,-14.39,3.4905,4.5374,-37.97999999999999
13,34,14,2.0,10,20,1.5,5,5,421,56.3,29.29,1.06,2.076,-2.515,-44.29,1.0747,383,57.2,-0.79,1.0,2.021,-2.704,-69.66,-0.0175,185,57.8,34.56,1.2,1.923,-2.196,-17.92,3.4647,4.5219000000000005,63.06
13,21,10,3.0,10,20,1.2,5,5,462,56.9,46.67,1.09,2.06,-2.488,-52.18,1.5071,415,49.4,-139.36,0.75,2.094,-2.708,-173.02,-0.9032,206,58.7,33.62,1.18,1.81,-2.18,-15.28,3.8728,4.4767,-59.070000000000014
13,21,7,3.0,10,20,1.5,6,5,80,61.3,30.49,1.39,2.199,-2.492,-14.29,4.4865,57,56.1,6.16,1.09,2.266,-2.654,-20.71,0.4843,29,48.3,-8.91,0.72,1.665,-2.148,-18.15,-0.4991,4.4717,27.74
13,21,7,3.0,10,20,1.5,6,3,81,61.7,31.66,1.41,2.178,-2.492,-14.29,4.723,58,55.2,3.17,1.05,2.266,-2.667,-23.69,0.2086,29,48.3,-8.91,0.72,1.665,-2.148,-18.15,-0.4991,4.432499999999999,25.919999999999998
13,34,7,3.0,10,20,1.5,4,5,618,57.4,40.54,1.06,1.986,-2.527,-77.1,0.8671,617,52.0,-159.15,0.8,2.021,-2.73,-180.54,-1.0702,282,60.3,55.69,1.22,1.788,-2.216,-22.58,4.6349,4.4318,-62.920000000000016
9,34,14,3.0,14,20,1.5,4,5,610,58.0,63.9,1.1,2.001,-2.517,-54.42,2.0028,615,51.7,-175.04,0.78,2.007,-2.738,-193.97,-1.0688,274,58.8,43.27,1.17,1.831,-2.225,-22.36,3.4464,4.3804,-67.86999999999998
13,34,10,3.0,10,14,1.2,5,3,521,55.1,14.27,1.02,2.093,-2.506,-82.65,0.2709,455,50.3,-116.82,0.81,2.178,-2.724,-141.53,-0.9983,221,60.6,42.86,1.22,1.756,-2.212,-15.49,5.1045,4.3770999999999995,-59.69
13,34,7,2.0,10,20,1.5,5,3,462,56.5,35.81,1.07,2.085,-2.529,-47.68,1.2321,409,54.8,-22.0,0.96,2.152,-2.725,-90.38,-0.3563,203,58.6,35.08,1.19,1.864,-2.223,-18.22,3.4388,4.3146,48.89
9,21,7,3.0,10,20,1.5,4,5,626,57.7,50.05,1.07,2.0,-2.535,-57.8,1.4421,625,52.8,-159.72,0.8,1.978,-2.754,-199.84,-0.9763,285,60.0,47.37,1.18,1.781,-2.255,-22.4,3.8354,4.3012,-62.300000000000004
13,34,7,3.0,10,20,1.5,6,3,81,61.7,31.66,1.41,2.178,-2.492,-14.29,4.723,57,54.4,1.33,1.02,2.299,-2.691,-26.64,0.0754,30,46.7,-11.12,0.68,1.665,-2.152,-20.36,-0.5169,4.2815,21.870000000000005
13,34,7,2.0,14,14,1.2,5,3,498,56.4,35.51,1.07,2.062,-2.507,-60.03,0.9695,438,53.7,-50.4,0.91,2.125,-2.708,-126.63,-0.5512,215,59.1,37.68,1.19,1.867,-2.266,-17.45,3.8624,4.2807,22.79
13,34,7,3.0,10,20,1.5,6,5,80,61.3,30.49,1.39,2.199,-2.492,-14.29,4.4865,56,55.4,4.31,1.06,2.299,-2.679,-23.66,0.2892,30,46.7,-11.12,0.68,1.665,-2.152,-20.36,-0.5169,4.258800000000001,23.68
13,34,14,3.0,10,20,1.2,6,5,99,58.6,26.45,1.26,2.24,-2.524,-13.25,3.6973,73,57.5,13.57,1.16,2.32,-2.706,-21.82,1.0881,35,45.7,-13.68,0.67,1.7,-2.151,-22.92,-0.5545,4.2309,26.339999999999996
13,34,14,3.0,10,20,1.2,4,5,625,57.1,30.74,1.05,1.978,-2.521,-83.6,0.5969,617,51.9,-145.05,0.82,2.08,-2.729,-169.92,-1.0582,284,60.6,55.21,1.22,1.766,-2.219,-22.12,4.6863,4.225,-59.100000000000016
9,34,7,2.0,14,20,1.2,5,5,457,55.4,9.14,1.02,2.045,-2.491,-51.95,0.273,410,54.6,-51.27,0.9,2.014,-2.701,-99.75,-0.7066,192,59.4,37.98,1.22,1.856,-2.226,-14.83,4.6586,4.225,-4.150000000000006
9,34,14,3.0,10,20,1.2,5,5,454,56.2,39.8,1.08,2.093,-2.482,-49.42,1.3322,410,51.0,-112.28,0.79,2.07,-2.711,-141.93,-0.9416,204,57.8,32.35,1.17,1.866,-2.184,-14.86,3.7742,4.1648,-40.13
9,34,7,3.0,10,20,1.5,6,3,81,61.7,31.66,1.41,2.178,-2.492,-14.29,4.723,58,53.4,-1.02,0.99,2.299,-2.678,-26.64,-0.0556,30,46.7,-11.12,0.68,1.665,-2.152,-20.36,-0.5169,4.1505,19.520000000000003
13,34,14,3.0,14,14,1.5,5,5,433,56.4,49.45,1.11,2.122,-2.478,-37.49,2.2207,393,53.2,-66.22,0.87,2.073,-2.715,-109.16,-0.7987,190,57.9,33.84,1.19,1.911,-2.204,-22.42,2.7185,4.1405,17.070000000000007
13,34,10,2.0,10,14,1.5,5,3,471,55.8,29.21,1.06,2.102,-2.517,-62.45,0.7574,426,53.5,-42.08,0.92,2.178,-2.721,-116.04,-0.5088,199,59.3,39.61,1.22,1.872,-2.238,-18.8,3.8836,4.1322,26.740000000000002
13,34,10,3.0,14,20,1.2,5,5,460,55.2,13.69,1.03,2.076,-2.493,-40.24,0.5289,401,52.4,-82.08,0.84,2.069,-2.704,-119.66,-0.8718,198,60.6,47.67,1.28,1.826,-2.198,-21.0,4.4482,4.1053,-20.72
9,34,7,3.0,10,20,1.5,6,5,80,61.3,30.49,1.39,2.199,-2.492,-14.29,4.4865,57,54.4,1.97,1.03,2.299,-2.666,-23.66,0.127,30,46.7,-11.12,0.68,1.665,-2.152,-20.36,-0.5169,4.0966000000000005,21.340000000000003
13,34,14,3.0,14,14,1.5,4,5,612,58.0,53.01,1.08,1.978,-2.526,-66.97,1.333,606,52.1,-146.03,0.82,2.043,-2.73,-155.35,-1.1589,274,59.5,48.48,1.2,1.817,-2.231,-22.69,3.9021,4.0762,-44.54000000000001
13,34,10,3.0,10,20,1.5,6,5,81,60.5,28.98,1.36,2.219,-2.492,-14.29,4.1492,54,55.6,5.51,1.09,2.333,-2.687,-21.16,0.4196,30,46.7,-11.12,0.68,1.665,-2.152,-20.36,-0.5169,4.051900000000001,23.370000000000005
9,34,10,3.0,10,20,1.5,6,5,81,60.5,28.98,1.36,2.219,-2.492,-14.29,4.1492,54,55.6,5.51,1.09,2.333,-2.687,-21.16,0.4196,30,46.7,-11.12,0.68,1.665,-2.152,-20.36,-0.5169,4.051900000000001,23.370000000000005
13,34,14,3.0,10,20,1.5,6,5,81,60.5,28.98,1.36,2.219,-2.492,-14.29,4.1492,54,55.6,5.51,1.09,2.333,-2.687,-21.16,0.4196,30,46.7,-11.12,0.68,1.665,-2.152,-20.36,-0.5169,4.051900000000001,23.370000000000005
9,34,14,3.0,10,20,1.5,6,5,81,60.5,28.98,1.36,2.219,-2.492,-14.29,4.1492,54,55.6,5.51,1.09,2.333,-2.687,-21.16,0.4196,30,46.7,-11.12,0.68,1.665,-2.152,-20.36,-0.5169,4.051900000000001,23.370000000000005
9,21,10,3.0,14,20,1.5,4,5,610,57.5,50.17,1.08,2.008,-2.528,-52.52,1.59,623,53.3,-146.75,0.82,1.964,-2.745,-181.94,-1.0038,276,58.7,42.32,1.17,1.843,-2.248,-21.65,3.4546,4.0408,-54.26
9,34,7,2.0,14,20,1.5,5,5,432,54.6,-10.2,0.98,2.035,-2.502,-61.72,-0.2463,394,53.8,-51.04,0.9,2.075,-2.698,-113.5,-0.6144,180,58.9,36.95,1.22,1.909,-2.236,-13.69,4.8902,4.0295000000000005,-24.289999999999992
9,21,10,3.0,10,20,1.5,4,5,623,57.8,53.71,1.08,2.0,-2.534,-47.65,1.8824,623,52.8,-152.16,0.81,1.997,-2.753,-198.05,-0.9485,287,59.2,40.25,1.15,1.784,-2.248,-22.92,3.0903,4.0242,-58.19999999999999
13,34,10,3.0,10,20,1.5,6,3,82,61.0,30.15,1.38,2.198,-2.492,-14.29,4.376,55,54.5,2.52,1.04,2.333,-2.699,-24.15,0.1607,30,46.7,-11.12,0.68,1.665,-2.152,-20.36,-0.5169,4.019800000000001,21.550000000000004
9,34,10,3.0,10,20,1.5,6,3,82,61.0,30.15,1.38,2.198,-2.492,-14.29,4.376,55,54.5,2.52,1.04,2.333,-2.699,-24.15,0.1607,30,46.7,-11.12,0.68,1.665,-2.152,-20.36,-0.5169,4.019800000000001,21.550000000000004
9,34,14,3.0,10,20,1.5,6,3,82,61.0,30.15,1.38,2.198,-2.492,-14.29,4.376,55,54.5,2.52,1.04,2.333,-2.699,-24.15,0.1607,30,46.7,-11.12,0.68,1.665,-2.152,-20.36,-0.5169,4.019800000000001,21.550000000000004
13,34,14,3.0,10,20,1.5,6,3,82,61.0,30.15,1.38,2.198,-2.492,-14.29,4.376,55,54.5,2.52,1.04,2.333,-2.699,-24.15,0.1607,30,46.7,-11.12,0.68,1.665,-2.152,-20.36,-0.5169,4.019800000000001,21.550000000000004
13,34,7,3.0,14,20,1.2,5,5,457,55.4,15.23,1.03,2.076,-2.5,-38.47,0.6177,401,51.9,-93.61,0.82,2.065,-2.711,-120.7,-0.9591,200,60.5,46.71,1.27,1.82,-2.196,-21.0,4.3258,3.9844,-31.669999999999995
13,34,10,2.0,14,14,1.2,5,3,501,56.3,29.65,1.05,2.052,-2.506,-64.3,0.7479,442,52.9,-62.61,0.89,2.138,-2.706,-134.69,-0.6272,216,58.8,37.9,1.19,1.885,-2.264,-17.61,3.8429,3.9636000000000005,4.939999999999998
9,21,7,3.0,10,14,1.2,5,5,472,57.6,56.86,1.11,2.054,-2.509,-48.81,2.0032,433,48.5,-173.66,0.71,2.059,-2.717,-200.57,-0.9127,209,57.9,30.67,1.16,1.842,-2.184,-18.57,2.8691,3.9596,-86.13
13,21,7,3.0,10,14,1.2,5,5,473,56.4,42.14,1.08,2.085,-2.498,-58.06,1.2077,430,48.4,-176.59,0.71,2.047,-2.713,-204.12,-0.9028,207,58.9,36.45,1.2,1.822,-2.186,-17.99,3.6489,3.9537999999999998,-97.99999999999999
9,21,7,3.0,10,20,1.5,6,3,81,61.7,29.46,1.38,2.134,-2.492,-14.29,4.3059,56,53.6,0.87,1.01,2.341,-2.667,-24.71,0.0525,29,48.3,-8.91,0.72,1.665,-2.148,-18.15,-0.4991,3.8593000000000006,21.42
9,21,7,3.0,10,20,1.5,6,5,80,61.3,28.29,1.37,2.154,-2.492,-14.29,4.0776,55,54.5,3.86,1.06,2.341,-2.654,-21.73,0.2774,29,48.3,-8.91,0.72,1.665,-2.148,-18.15,-0.4991,3.8559000000000005,23.24
9,21,14,3.0,10,20,1.2,5,5,460,57.8,61.07,1.13,2.061,-2.511,-40.08,2.6405,413,49.9,-126.56,0.77,2.114,-2.716,-157.31,-0.9284,207,56.5,22.39,1.11,1.87,-2.182,-17.23,2.1411,3.8531999999999997,-43.10000000000001
13,34,7,3.0,10,14,1.2,6,3,103,57.3,28.64,1.26,2.362,-2.516,-12.59,4.1729,75,56.0,2.84,1.03,2.179,-2.687,-21.14,0.2065,38,44.7,-14.75,0.67,1.795,-2.155,-26.32,-0.5269,3.8525000000000005,16.73
9,34,7,3.0,14,20,1.5,4,5,611,57.9,64.47,1.1,2.007,-2.513,-52.63,2.0881,610,51.6,-176.03,0.78,2.008,-2.741,-193.72,-1.0724,276,58.3,37.24,1.15,1.818,-2.222,-22.91,2.8245,3.8402,-74.32
9,21,14,3.0,14,14,1.2,5,5,470,58.7,79.35,1.16,2.041,-2.495,-37.8,3.7781,431,51.0,-123.69,0.78,2.029,-2.702,-155.12,-0.9371,208,55.8,17.6,1.09,1.9,-2.204,-28.99,0.9935,3.8345,-26.740000000000002
13,34,7,2.0,10,20,1.2,5,3,490,56.7,45.23,1.08,2.083,-2.518,-51.46,1.4659,431,54.1,-46.36,0.91,2.13,-2.741,-91.51,-0.7061,216,58.3,32.79,1.16,1.854,-2.231,-18.66,3.0723,3.8320999999999996,31.659999999999997
13,34,14,3.0,10,20,1.2,6,3,101,58.4,25.31,1.24,2.222,-2.519,-14.22,3.265,75,57.3,14.05,1.16,2.347,-2.715,-22.52,1.0921,35,45.7,-13.68,0.67,1.7,-2.151,-22.92,-0.5545,3.8026,25.68
9,34,14,3.0,14,20,1.5,6,5,84,57.1,15.38,1.17,2.195,-2.5,-23.56,1.1524,58,62.1,20.89,1.35,2.254,-2.74,-13.78,3.084,21,47.6,-7.18,0.7,1.708,-2.205,-16.17,-0.4346,3.8017999999999996,29.090000000000003
13,34,14,3.0,10,14,1.5,5,3,475,54.9,33.75,1.06,2.185,-2.507,-59.66,0.9164,429,52.2,-76.96,0.86,2.156,-2.731,-108.0,-0.9271,208,58.7,35.18,1.19,1.847,-2.211,-16.46,3.7878,3.7771,-8.029999999999994
13,34,10,2.0,10,20,1.5,5,3,465,55.9,23.34,1.05,2.081,-2.526,-58.15,0.6431,414,55.3,-9.45,0.98,2.16,-2.725,-87.21,-0.1632,203,58.1,34.1,1.18,1.887,-2.218,-18.36,3.289,3.7689000000000004,47.99
13,34,7,3.0,10,20,1.2,6,5,99,58.6,24.55,1.24,2.223,-2.547,-13.25,3.3751,75,57.3,12.0,1.14,2.296,-2.711,-21.9,0.9387,36,44.4,-15.72,0.63,1.7,-2.146,-24.96,-0.5543,3.7595000000000005,20.83
13,34,14,3.0,10,20,1.5,5,3,467,56.1,40.66,1.08,2.124,-2.517,-43.12,1.5521,420,52.6,-67.81,0.87,2.146,-2.724,-95.08,-0.9424,207,58.5,35.2,1.19,1.855,-2.2,-20.2,3.1208,3.7305,8.049999999999997
13,34,7,3.0,10,20,1.2,6,3,100,59.0,25.72,1.25,2.206,-2.547,-13.25,3.5772,78,56.4,10.08,1.11,2.323,-2.71,-23.83,0.7043,36,44.4,-15.72,0.63,1.7,-2.146,-24.96,-0.5543,3.7272000000000003,20.08
13,34,14,2.0,10,20,1.5,6,5,83,60.2,24.24,1.29,2.135,-2.5,-17.28,2.7485,53,58.5,14.91,1.25,2.398,-2.701,-19.08,1.4722,29,48.3,-9.79,0.7,1.66,-2.202,-19.03,-0.5099,3.7108,29.36
13,34,14,3.0,10,14,1.2,6,5,102,56.9,29.45,1.27,2.399,-2.493,-17.16,3.2279,71,57.7,9.8,1.12,2.2,-2.68,-16.5,0.9911,37,45.9,-12.72,0.71,1.795,-2.161,-24.28,-0.5181,3.7009000000000003,26.53
13,21,14,3.0,10,20,1.5,6,5,80,60.0,24.44,1.31,2.17,-2.492,-14.29,3.3427,54,57.4,9.7,1.16,2.298,-2.675,-19.83,0.8485,29,48.3,-8.91,0.72,1.665,-2.148,-18.15,-0.4991,3.6921000000000004,25.23
13,21,10,3.0,10,20,1.5,6,5,80,60.0,24.44,1.31,2.17,-2.492,-14.29,3.3427,54,57.4,9.7,1.16,2.298,-2.675,-19.83,0.8485,29,48.3,-8.91,0.72,1.665,-2.148,-18.15,-0.4991,3.6921000000000004,25.23
9,21,7,2.0,14,14,1.2,5,5,487,56.7,29.66,1.06,2.013,-2.493,-52.94,0.91,440,54.3,-64.59,0.88,2.002,-2.702,-115.53,-0.7536,207,57.5,30.32,1.15,1.903,-2.228,-14.6,3.5351,3.6915,-4.6100000000000065
9,21,7,2.0,10,14,1.2,5,5,485,56.9,36.75,1.07,2.037,-2.514,-44.52,1.3555,449,52.6,-107.68,0.81,1.997,-2.719,-140.43,-0.9456,207,57.5,29.1,1.15,1.864,-2.19,-15.09,3.2777,3.6875999999999998,-41.830000000000005
13,21,14,3.0,10,20,1.2,6,5,97,57.7,17.39,1.17,2.159,-2.524,-13.25,2.2484,71,60.6,20.73,1.28,2.231,-2.686,-20.42,1.9826,34,47.1,-11.47,0.7,1.7,-2.148,-20.71,-0.5465,3.6845,26.650000000000006
13,21,7,2.0,14,20,1.2,5,5,470,55.1,9.17,1.02,2.072,-2.499,-52.64,0.2698,417,54.7,-50.06,0.9,2.015,-2.695,-105.61,-0.655,196,59.2,35.65,1.2,1.839,-2.22,-15.75,4.0679,3.6826999999999996,-5.240000000000002
13,21,7,3.0,10,14,1.2,6,5,100,57.0,25.68,1.24,2.345,-2.511,-12.59,3.6726,73,57.5,5.75,1.07,2.105,-2.666,-18.23,0.5039,38,47.4,-11.68,0.73,1.743,-2.152,-24.11,-0.4996,3.6769,19.75
9,34,10,3.0,14,20,1.5,4,5,608,57.9,62.32,1.1,2.007,-2.516,-50.52,2.0949,613,52.0,-165.1,0.79,2.006,-2.738,-190.59,-1.0415,275,58.2,36.34,1.14,1.822,-2.219,-24.08,2.6182,3.6715999999999998,-66.44
9,34,14,3.0,14,20,1.2,5,5,458,56.1,33.94,1.07,2.076,-2.485,-47.32,1.171,410,52.4,-87.18,0.83,2.036,-2.692,-117.23,-0.9373,201,58.2,35.37,1.19,1.871,-2.185,-18.42,3.4378,3.6715,-17.87000000000001
13,21,10,3.0,10,14,1.2,5,5,470,56.4,43.58,1.09,2.09,-2.489,-57.74,1.2595,430,48.1,-179.01,0.7,2.047,-2.703,-213.03,-0.871,206,58.7,33.24,1.18,1.812,-2.188,-17.99,3.2755,3.664,-102.19
9,21,14,3.0,14,20,1.2,5,5,467,57.6,53.87,1.11,2.045,-2.506,-37.83,2.4235,414,51.2,-106.08,0.81,2.076,-2.704,-138.02,-0.9298,203,57.1,30.77,1.16,1.902,-2.182,-25.13,2.1503,3.644,-21.44
9,21,7,3.0,10,14,1.2,5,3,522,57.3,62.03,1.11,2.085,-2.517,-46.87,2.2633,465,49.0,-150.8,0.77,2.165,-2.72,-169.58,-1.0093,231,58.9,28.46,1.14,1.754,-2.211,-20.55,2.383,3.637,-60.31000000000001
9,21,14,3.0,10,14,1.2,5,3,512,57.0,65.29,1.12,2.117,-2.513,-47.31,2.3729,471,49.3,-148.4,0.77,2.156,-2.714,-171.68,-0.9892,229,58.1,27.25,1.13,1.805,-2.217,-20.62,2.2477,3.6314,-55.86
9,21,10,3.0,10,20,1.2,5,5,463,57.5,48.41,1.1,2.035,-2.502,-41.94,1.9494,415,49.4,-137.08,0.76,2.115,-2.718,-170.11,-0.9094,207,57.5,26.54,1.14,1.836,-2.182,-17.41,2.5834,3.6234,-62.13000000000002
13,21,7,3.0,14,20,1.5,4,5,616,57.0,39.4,1.06,2.016,-2.521,-74.36,0.8691,621,52.3,-176.42,0.78,1.948,-2.735,-194.39,-1.0757,275,59.6,46.63,1.19,1.801,-2.241,-22.11,3.8241,3.6174999999999997,-90.38999999999999
13,21,14,3.0,14,20,1.2,4,5,624,56.7,21.54,1.03,1.986,-2.524,-84.84,0.4057,624,52.9,-155.74,0.81,1.965,-2.735,-180.47,-1.058,277,59.2,47.95,1.19,1.828,-2.229,-20.31,4.2652,3.6129,-86.25000000000001
13,21,7,3.0,10,20,1.2,6,5,98,58.2,20.02,1.19,2.183,-2.547,-13.25,2.6493,74,59.5,16.83,1.21,2.21,-2.681,-20.5,1.509,36,47.2,-12.65,0.69,1.65,-2.142,-21.89,-0.5608,3.5975000000000006,24.199999999999996
13,34,7,3.0,10,20,1.2,5,3,508,55.3,12.56,1.02,2.077,-2.515,-69.55,0.2826,445,50.1,-126.29,0.79,2.154,-2.733,-140.77,-1.0588,224,59.8,38.49,1.19,1.77,-2.208,-15.8,4.3707,3.5945,-75.24000000000001
9,34,7,2.0,10,20,1.5,5,5,436,54.1,-23.89,0.95,2.03,-2.515,-73.51,-0.4707,395,54.2,-54.66,0.89,2.054,-2.731,-95.3,-0.7783,188,58.5,35.13,1.21,1.874,-2.193,-12.9,4.8279,3.5788999999999995,-43.419999999999995
13,34,10,3.0,14,20,1.5,5,5,431,55.7,22.81,1.05,2.085,-2.501,-39.78,0.9126,384,53.1,-64.04,0.87,2.062,-2.692,-113.64,-0.7423,182,59.3,40.6,1.25,1.888,-2.207,-22.78,3.3964,3.5667,-0.6300000000000026
9,21,10,3.0,10,20,1.5,6,5,79,60.8,24.74,1.32,2.125,-2.492,-14.29,3.4348,52,55.8,7.39,1.12,2.377,-2.675,-19.83,0.6193,29,48.3,-8.91,0.72,1.665,-2.148,-18.15,-0.4991,3.555,23.219999999999995
9,21,14,3.0,10,20,1.5,6,5,79,60.8,24.74,1.32,2.125,-2.492,-14.29,3.4348,52,55.8,7.39,1.12,2.377,-2.675,-19.83,0.6193,29,48.3,-8.91,0.72,1.665,-2.148,-18.15,-0.4991,3.555,23.219999999999995
9,21,14,3.0,10,14,1.2,5,5,466,57.7,64.68,1.13,2.075,-2.506,-46.82,2.4131,432,48.8,-165.25,0.72,2.055,-2.709,-196.37,-0.9023,208,56.7,23.0,1.12,1.865,-2.19,-18.71,2.042,3.5528,-77.57
9,34,14,2.0,10,20,1.5,6,5,83,60.2,24.24,1.29,2.135,-2.5,-17.28,2.7485,55,58.2,13.64,1.22,2.356,-2.685,-19.08,1.3118,29,48.3,-9.79,0.7,1.66,-2.202,-19.03,-0.5099,3.5504,28.089999999999996
13,21,14,3.0,10,20,1.5,6,3,81,60.5,25.61,1.32,2.15,-2.492,-14.29,3.5528,55,56.4,6.71,1.1,2.298,-2.688,-22.81,0.4865,29,48.3,-8.91,0.72,1.665,-2.148,-18.15,-0.4991,3.5402,23.41
13,21,10,3.0,10,20,1.5,6,3,81,60.5,25.61,1.32,2.15,-2.492,-14.29,3.5528,55,56.4,6.71,1.1,2.298,-2.688,-22.81,0.4865,29,48.3,-8.91,0.72,1.665,-2.148,-18.15,-0.4991,3.5402,23.41
9,21,10,3.0,10,14,1.2,5,5,469,57.4,54.66,1.11,2.061,-2.499,-48.68,1.9209,433,48.3,-177.19,0.71,2.059,-2.712,-210.59,-0.8795,208,57.7,27.11,1.14,1.832,-2.19,-18.57,2.4917,3.5331,-95.42
9,34,7,2.0,14,14,1.2,5,5,466,56.2,21.25,1.04,2.017,-2.487,-53.69,0.6325,423,53.9,-67.21,0.87,2.018,-2.704,-119.53,-0.7487,197,58.4,35.77,1.19,1.907,-2.238,-17.57,3.6454,3.5292,-10.18999999999999
13,34,10,3.0,10,20,1.5,4,5,616,57.0,30.82,1.05,1.999,-2.531,-82.81,0.6038,616,52.1,-150.97,0.81,2.041,-2.733,-172.36,-1.0766,283,60.1,51.34,1.21,1.773,-2.213,-23.83,3.9899,3.5171,-68.81
13,34,10,3.0,10,20,1.2,6,5,100,58.0,23.8,1.22,2.24,-2.527,-13.25,3.2315,74,56.8,10.79,1.12,2.32,-2.708,-21.82,0.8335,35,45.7,-13.68,0.67,1.7,-2.151,-22.92,-0.5545,3.5105000000000004,20.910000000000004
13,21,10,3.0,14,20,1.5,4,5,613,57.1,42.07,1.06,2.015,-2.522,-60.7,1.1391,623,52.8,-163.05,0.8,1.955,-2.742,-190.71,-1.0368,275,58.9,40.75,1.16,1.81,-2.234,-21.16,3.3936,3.4959000000000002,-80.23000000000002
9,21,14,3.0,14,20,1.5,4,5,609,57.8,54.16,1.08,1.999,-2.528,-55.24,1.6464,624,53.2,-149.97,0.81,1.962,-2.745,-177.2,-1.0481,278,58.3,41.11,1.16,1.858,-2.24,-25.08,2.8903,3.4886,-54.7
13,21,14,3.0,14,20,1.5,6,5,82,56.1,6.75,1.08,2.103,-2.5,-28.1,0.3893,56,62.5,22.65,1.4,2.285,-2.729,-13.78,3.4747,20,50.0,-4.97,0.77,1.708,-2.205,-13.95,-0.3859,3.4781,24.43
9,21,10,3.0,10,20,1.5,6,3,80,61.3,25.91,1.34,2.105,-2.492,-14.29,3.6494,53,54.7,4.4,1.07,2.377,-2.688,-22.81,0.3057,29,48.3,-8.91,0.72,1.665,-2.148,-18.15,-0.4991,3.456,21.400000000000002
9,21,14,3.0,10,20,1.5,6,3,80,61.3,25.91,1.34,2.105,-2.492,-14.29,3.6494,53,54.7,4.4,1.07,2.377,-2.688,-22.81,0.3057,29,48.3,-8.91,0.72,1.665,-2.148,-18.15,-0.4991,3.456,21.400000000000002
13,21,14,3.0,10,14,1.2,5,5,465,56.8,55.37,1.11,2.108,-2.493,-55.88,1.6949,429,49.0,-163.05,0.72,2.041,-2.702,-196.42,-0.8912,206,57.8,29.13,1.15,1.845,-2.188,-19.02,2.6468,3.4505,-78.55000000000001
13,21,14,3.0,10,20,1.5,4,5,622,57.6,46.94,1.07,1.996,-2.529,-59.71,1.3039,618,52.4,-158.78,0.8,2.016,-2.762,-194.2,-0.9974,285,59.3,41.67,1.16,1.772,-2.223,-23.64,3.1286,3.4351000000000003,-70.17
13,34,10,3.0,14,20,1.5,4,5,608,57.7,49.85,1.08,1.985,-2.518,-62.13,1.3413,607,52.2,-157.74,0.8,1.995,-2.725,-174.58,-1.0946,275,59.3,49.04,1.2,1.823,-2.215,-28.48,3.173,3.4196999999999997,-58.850000000000016
13,21,7,2.0,14,14,1.2,5,5,476,55.9,20.99,1.04,2.048,-2.494,-51.02,0.6542,431,54.1,-65.7,0.88,2.014,-2.702,-123.06,-0.7157,200,58.0,32.65,1.17,1.898,-2.232,-16.47,3.4669,3.4053999999999998,-12.06000000000001
13,34,10,3.0,10,14,1.2,6,5,102,56.9,29.45,1.27,2.399,-2.493,-17.16,3.2279,72,56.9,7.02,1.08,2.2,-2.683,-16.5,0.683,37,45.9,-12.72,0.71,1.795,-2.161,-24.28,-0.5181,3.3928,23.75
9,21,14,3.0,10,20,1.2,6,5,96,58.3,17.68,1.18,2.119,-2.525,-13.25,2.3092,69,59.4,18.43,1.24,2.284,-2.686,-21.44,1.63,34,47.1,-11.47,0.7,1.7,-2.148,-20.71,-0.5465,3.3927,24.64
13,34,7,3.0,14,14,1.2,5,5,463,56.4,37.7,1.08,2.069,-2.487,-43.7,1.4176,415,51.6,-111.23,0.8,2.026,-2.71,-137.5,-0.9687,204,59.3,35.74,1.19,1.818,-2.219,-22.13,2.9397,3.3886000000000003,-37.79
13,34,14,2.0,10,20,1.5,6,3,84,60.7,25.41,1.31,2.116,-2.5,-17.28,2.9213,54,57.4,11.92,1.19,2.398,-2.713,-21.87,0.9772,29,48.3,-9.79,0.7,1.66,-2.202,-19.03,-0.5099,3.3886,27.54
9,21,7,3.0,14,20,1.5,4,5,614,57.3,48.45,1.07,2.021,-2.531,-59.53,1.3513,624,52.7,-166.9,0.79,1.953,-2.744,-190.25,-1.058,277,59.2,43.86,1.17,1.819,-2.251,-25.51,3.0875,3.3808,-74.59
9,34,10,3.0,14,20,1.5,4,3,716,55.0,6.76,1.01,2.06,-2.499,-93.42,0.112,700,52.7,-119.24,0.87,2.148,-2.754,-167.08,-0.9417,323,57.3,40.12,1.13,1.885,-2.236,-16.0,4.1938,3.3641000000000005,-72.35999999999999
13,21,14,3.0,14,14,1.5,4,5,615,57.4,40.47,1.06,1.99,-2.527,-66.15,1.0067,619,52.7,-157.05,0.8,1.988,-2.748,-176.32,-1.0884,275,58.9,44.33,1.17,1.837,-2.242,-23.04,3.4435,3.3617999999999997,-72.25000000000001
13,21,7,2.0,10,14,1.2,5,5,475,55.2,3.65,1.01,2.056,-2.512,-67.57,0.0831,437,52.6,-106.08,0.81,1.989,-2.722,-137.72,-0.9474,201,58.7,37.47,1.21,1.859,-2.192,-16.07,4.2009,3.3366,-64.96
9,34,7,2.0,10,20,1.2,5,5,455,55.6,8.37,1.02,2.028,-2.499,-50.2,0.2585,412,53.2,-77.71,0.85,2.048,-2.727,-107.0,-0.9393,197,58.4,33.7,1.19,1.858,-2.195,-14.83,4.0031,3.3223,-35.639999999999986
9,21,7,2.0,10,20,1.2,5,5,478,56.7,31.49,1.06,2.031,-2.506,-39.75,1.2844,431,53.1,-83.92,0.85,2.031,-2.718,-119.45,-0.9039,205,58.0,28.7,1.15,1.822,-2.188,-16.82,2.9346,3.3151,-23.730000000000008
9,34,14,2.0,10,20,1.5,6,3,84,60.7,25.41,1.31,2.116,-2.5,-17.28,2.9213,56,57.1,10.65,1.16,2.356,-2.698,-20.8,0.894,29,48.3,-9.79,0.7,1.66,-2.202,-19.03,-0.5099,3.3054,26.270000000000003
9,34,14,3.0,14,20,1.2,4,5,621,57.5,44.89,1.07,1.984,-2.513,-74.58,0.9987,614,51.8,-153.97,0.81,2.053,-2.726,-176.52,-1.0653,275,58.5,42.51,1.17,1.836,-2.22,-22.37,3.3685,3.3019000000000003,-66.57
13,34,14,3.0,14,20,1.2,4,5,620,57.7,48.63,1.07,1.978,-2.517,-76.79,1.0588,612,51.6,-155.28,0.81,2.053,-2.716,-167.93,-1.1247,276,59.4,49.07,1.2,1.821,-2.229,-26.82,3.3639,3.298,-57.580000000000005
9,34,14,3.0,14,20,1.5,6,3,86,55.8,10.44,1.11,2.195,-2.498,-26.07,0.6674,58,62.1,20.89,1.35,2.254,-2.74,-13.78,3.084,22,45.5,-9.57,0.64,1.708,-2.221,-18.56,-0.4562,3.2952000000000004,21.759999999999998
9,34,14,3.0,10,20,1.2,6,5,98,58.2,21.93,1.21,2.2,-2.524,-13.25,2.9502,71,57.7,12.01,1.15,2.271,-2.703,-23.37,0.8928,35,45.7,-13.68,0.67,1.7,-2.151,-22.92,-0.5545,3.2885,20.259999999999998
9,34,10,3.0,10,14,1.2,5,5,468,55.3,24.62,1.05,2.092,-2.475,-62.1,0.6349,428,49.1,-166.66,0.72,2.02,-2.711,-200.95,-0.8833,205,59.0,34.69,1.19,1.811,-2.195,-17.56,3.5315,3.2831,-107.35
13,21,14,3.0,14,20,1.5,6,3,83,55.4,4.32,1.05,2.103,-2.498,-28.1,0.2414,56,62.5,22.65,1.4,2.285,-2.729,-13.78,3.4747,21,47.6,-7.36,0.7,1.708,-2.222,-16.35,-0.4377,3.2784,19.61
9,34,10,3.0,14,20,1.5,6,5,84,57.1,15.38,1.17,2.195,-2.5,-23.56,1.1524,59,61.0,18.22,1.29,2.254,-2.736,-13.78,2.5598,21,47.6,-7.18,0.7,1.708,-2.205,-16.17,-0.4346,3.2776,26.42
9,34,7,3.0,10,14,1.2,6,5,100,57.0,25.68,1.24,2.345,-2.511,-12.59,3.6726,73,56.2,1.56,1.02,2.126,-2.675,-22.41,0.106,39,46.2,-13.89,0.69,1.743,-2.155,-26.32,-0.5151,3.2635,13.349999999999998
13,34,14,3.0,14,20,1.5,5,3,457,55.6,28.04,1.05,2.125,-2.521,-41.96,1.071,418,52.9,-64.65,0.88,2.126,-2.713,-98.95,-0.8693,204,58.3,35.61,1.19,1.877,-2.209,-20.96,3.0538,3.2554999999999996,-1.000000000000007
9,21,7,2.0,14,20,1.5,5,5,456,55.7,-1.92,1.0,1.982,-2.502,-53.67,-0.0546,407,54.5,-43.15,0.91,2.051,-2.694,-103.45,-0.5832,190,58.4,32.46,1.18,1.875,-2.224,-14.67,3.8882,3.2504,-12.61
13,34,7,3.0,14,20,1.5,5,5,428,55.8,20.04,1.04,2.068,-2.509,-39.12,0.8115,385,52.2,-82.38,0.83,2.062,-2.7,-121.29,-0.8553,184,59.2,39.64,1.24,1.881,-2.205,-22.78,3.2905,3.2467,-22.699999999999996
13,34,10,2.0,14,20,1.5,5,3,451,55.2,2.46,1.0,2.053,-2.519,-57.99,0.065,408,53.7,-34.76,0.93,2.175,-2.704,-121.13,-0.4076,196,58.7,34.88,1.19,1.89,-2.252,-17.46,3.5707,3.2281,2.5800000000000054
9,21,7,2.0,14,20,1.2,5,5,481,55.9,16.78,1.03,2.032,-2.499,-50.29,0.5261,425,55.1,-46.91,0.91,2.012,-2.71,-98.42,-0.6653,203,58.6,33.8,1.18,1.845,-2.211,-18.01,3.3344,3.1952,3.6700000000000017
13,34,14,3.0,14,20,1.5,6,5,84,57.1,15.08,1.17,2.189,-2.5,-23.56,1.1268,60,61.7,19.67,1.31,2.226,-2.726,-16.21,2.4284,20,50.0,-5.09,0.77,1.708,-2.218,-14.95,-0.3691,3.1861,29.66
13,34,14,3.0,14,14,1.2,4,5,611,58.3,62.99,1.1,1.988,-2.528,-70.27,1.5356,618,51.5,-177.79,0.78,2.017,-2.73,-191.26,-1.0966,277,58.5,36.01,1.14,1.808,-2.233,-22.69,2.7467,3.1857,-78.78999999999999
13,21,7,2.0,14,20,1.5,5,5,444,55.0,-6.77,0.99,2.023,-2.502,-62.14,-0.1639,398,54.3,-43.76,0.91,2.065,-2.691,-107.05,-0.569,183,58.5,33.67,1.2,1.898,-2.229,-15.37,3.907,3.1741,-16.86
13,34,7,2.0,14,20,1.2,5,3,489,55.4,11.19,1.02,2.065,-2.516,-51.65,0.3371,428,53.3,-58.36,0.89,2.13,-2.719,-116.3,-0.6807,211,58.8,31.38,1.16,1.836,-2.257,-15.47,3.5098,3.1662,-15.790000000000003
13,34,7,3.0,14,14,1.5,4,5,617,57.7,44.79,1.07,1.972,-2.519,-82.81,0.9001,604,51.7,-157.84,0.8,2.041,-2.722,-174.67,-1.092,278,58.6,38.12,1.15,1.806,-2.229,-19.71,3.3536,3.1617,-74.93
13,34,10,3.0,10,20,1.2,5,3,512,55.3,10.8,1.02,2.07,-2.51,-72.29,0.2331,442,51.1,-103.8,0.82,2.151,-2.731,-127.06,-1.0095,221,59.7,36.58,1.19,1.767,-2.21,-16.6,3.9375,3.1611,-56.42
13,34,10,3.0,14,14,1.2,5,5,467,55.9,31.59,1.06,2.079,-2.48,-50.03,1.0247,414,51.9,-100.72,0.81,2.032,-2.702,-133.8,-0.9226,202,59.4,36.8,1.2,1.825,-2.221,-22.13,3.0489,3.1510000000000002,-32.33
9,34,14,3.0,14,14,1.5,4,5,611,58.1,57.76,1.09,1.981,-2.521,-55.32,1.7665,612,52.1,-155.04,0.81,2.033,-2.743,-173.6,-1.0903,274,58.0,34.26,1.13,1.824,-2.224,-23.84,2.4718,3.1479999999999997,-63.02
13,34,14,3.0,10,20,1.2,5,3,505,55.2,20.61,1.04,2.107,-2.51,-61.28,0.5325,442,51.6,-96.93,0.83,2.14,-2.733,-119.58,-1.0166,220,59.1,39.19,1.2,1.83,-2.209,-19.56,3.63,3.1459,-37.13000000000001
13,21,14,3.0,10,14,1.2,5,3,517,55.9,40.14,1.07,2.116,-2.506,-67.64,0.9757,468,49.4,-142.94,0.78,2.159,-2.708,-167.19,-0.9867,227,59.0,33.17,1.16,1.785,-2.215,-18.44,3.1501,3.1391,-69.63
13,34,10,3.0,10,20,1.2,6,3,102,57.8,22.66,1.21,2.222,-2.522,-14.22,2.8411,76,56.6,11.27,1.13,2.347,-2.717,-22.52,0.845,35,45.7,-13.68,0.67,1.7,-2.151,-22.92,-0.5545,3.1315999999999997,20.25
13,21,14,3.0,14,14,1.2,4,5,618,57.1,30.68,1.05,1.986,-2.53,-74.22,0.6702,629,52.5,-169.39,0.79,1.978,-2.75,-195.0,-1.0462,277,58.8,41.57,1.16,1.82,-2.238,-21.07,3.4799,3.1039000000000003,-97.13999999999999
13,21,14,2.0,10,20,1.5,6,5,85,60.0,22.75,1.27,2.114,-2.502,-17.28,2.5226,57,57.9,12.13,1.19,2.322,-2.688,-20.56,1.0557,28,50.0,-7.3,0.76,1.66,-2.181,-16.53,-0.475,3.1033000000000004,27.580000000000002
13,21,14,3.0,14,20,1.2,5,5,462,56.5,42.48,1.08,2.083,-2.493,-51.44,1.3751,413,51.6,-100.48,0.81,2.056,-2.692,-133.43,-0.9215,202,57.9,33.96,1.18,1.874,-2.18,-22.95,2.6493,3.1029,-24.040000000000006
9,34,7,3.0,10,14,1.2,5,3,521,55.5,19.33,1.03,2.073,-2.499,-74.4,0.4119,467,49.0,-153.84,0.76,2.159,-2.724,-172.12,-1.0101,228,59.6,32.87,1.16,1.737,-2.211,-15.49,3.6969,3.0987,-101.63999999999999
9,34,10,2.0,10,14,1.2,5,5,470,53.8,-24.3,0.96,2.047,-2.499,-77.92,-0.4524,437,53.1,-99.68,0.82,1.978,-2.724,-138.96,-0.8957,199,58.8,43.11,1.24,1.903,-2.189,-18.1,4.4447,3.0966,-80.87
9,34,7,2.0,10,14,1.5,5,5,442,53.8,-24.52,0.95,2.032,-2.49,-81.35,-0.4359,404,54.0,-56.52,0.89,2.067,-2.726,-100.67,-0.7606,189,59.3,35.57,1.21,1.825,-2.192,-15.0,4.2877,3.0911999999999997,-45.470000000000006
9,21,10,3.0,10,14,1.2,5,3,519,57.0,52.76,1.09,2.071,-2.512,-49.17,1.807,471,48.8,-156.47,0.76,2.168,-2.718,-181.99,-0.9687,229,59.0,26.91,1.13,1.744,-2.218,-20.55,2.2414,3.0797,-76.80000000000001
9,21,7,3.0,10,14,1.2,6,5,100,57.0,23.48,1.22,2.306,-2.511,-12.59,3.3025,71,56.3,3.44,1.04,2.152,-2.666,-20.53,0.2605,38,47.4,-11.68,0.73,1.743,-2.152,-24.11,-0.4996,3.0634,15.240000000000002
13,34,14,2.0,10,14,1.5,5,3,470,55.7,26.36,1.05,2.097,-2.514,-68.94,0.6166,426,53.5,-47.52,0.91,2.156,-2.722,-117.68,-0.5606,200,58.5,31.94,1.17,1.86,-2.236,-18.8,2.9972,3.0532,10.779999999999998
13,34,10,3.0,10,14,1.5,5,3,479,54.7,19.67,1.04,2.154,-2.511,-73.07,0.4256,428,51.6,-85.08,0.85,2.171,-2.729,-119.59,-0.9087,209,59.3,32.43,1.17,1.78,-2.215,-16.2,3.5213,3.0382000000000002,-32.98
13,21,7,3.0,10,20,1.2,6,3,99,58.6,21.19,1.2,2.166,-2.547,-13.25,2.8379,76,57.9,11.43,1.13,2.21,-2.682,-25.9,0.7605,36,47.2,-12.65,0.69,1.65,-2.142,-21.89,-0.5608,3.0376,19.970000000000006
9,21,14,3.0,14,20,1.5,6,5,81,56.8,7.05,1.08,2.055,-2.5,-28.1,0.4102,54,61.1,20.35,1.35,2.354,-2.729,-13.78,3.0052,20,50.0,-4.97,0.77,1.708,-2.205,-13.95,-0.3859,3.0295,22.430000000000003
9,34,10,2.0,14,14,1.2,5,5,468,55.3,4.74,1.01,2.021,-2.482,-57.64,0.1266,426,53.3,-80.72,0.85,2.013,-2.701,-137.07,-0.7616,198,58.6,39.59,1.22,1.917,-2.23,-19.93,3.6497,3.0147000000000004,-36.39
13,34,10,3.0,14,14,1.5,4,5,612,57.7,45.04,1.07,1.978,-2.523,-68.34,1.0949,605,52.4,-139.44,0.82,2.033,-2.721,-156.27,-1.1108,275,58.9,41.29,1.16,1.808,-2.227,-24.37,3.0105,2.9946,-53.11000000000001
13,34,14,2.0,14,14,1.2,5,3,501,55.9,19.87,1.04,2.045,-2.501,-78.63,0.403,445,53.0,-65.65,0.88,2.117,-2.705,-135.92,-0.6485,218,58.3,32.67,1.16,1.869,-2.249,-17.61,3.2216,2.9761,-13.11
9,34,14,3.0,10,20,1.2,6,3,100,58.0,20.79,1.2,2.183,-2.519,-14.22,2.582,73,57.5,12.5,1.15,2.3,-2.713,-22.89,0.9467,35,45.7,-13.68,0.67,1.7,-2.151,-22.92,-0.5545,2.9741999999999997,19.61
9,21,7,3.0,10,20,1.2,6,5,98,58.2,17.82,1.17,2.144,-2.547,-13.25,2.3164,72,58.3,14.52,1.18,2.261,-2.681,-21.52,1.2053,36,47.2,-12.65,0.69,1.65,-2.142,-21.89,-0.5608,2.9609,19.690000000000005
13,34,14,3.0,14,20,1.5,6,3,87,56.3,14.23,1.15,2.228,-2.498,-26.07,0.9454,60,61.7,19.67,1.31,2.226,-2.726,-16.21,2.4284,21,47.6,-7.49,0.7,1.708,-2.234,-17.34,-0.419,2.9548,26.410000000000004
9,34,14,3.0,14,14,1.2,5,5,467,56.5,45.73,1.09,2.078,-2.477,-48.0,1.5934,425,52.0,-108.46,0.8,1.998,-2.696,-139.11,-0.9446,205,57.1,24.21,1.12,1.87,-2.211,-17.84,2.2688,2.9176,-38.519999999999996
13,21,7,3.0,10,14,1.2,6,3,102,56.9,24.11,1.22,2.324,-2.516,-12.59,3.3905,75,56.0,0.35,1.0,2.105,-2.668,-23.62,0.0225,38,47.4,-11.68,0.73,1.743,-2.152,-24.11,-0.4996,2.9133999999999998,12.780000000000001
13,21,10,3.0,14,20,1.5,6,5,82,56.1,6.75,1.08,2.103,-2.5,-28.1,0.3893,57,61.4,19.99,1.33,2.285,-2.727,-13.78,2.9098,20,50.0,-4.97,0.77,1.708,-2.205,-13.95,-0.3859,2.9132000000000002,21.77
13,21,10,3.0,10,20,1.2,6,5,98,57.1,14.73,1.14,2.159,-2.527,-13.56,1.811,72,59.7,17.96,1.23,2.231,-2.69,-20.42,1.6472,34,47.1,-11.47,0.7,1.7,-2.148,-20.71,-0.5465,2.9116999999999997,21.22
9,34,14,2.0,14,14,1.2,5,5,462,55.6,11.23,1.02,2.023,-2.481,-54.23,0.3235,427,53.6,-79.05,0.85,1.993,-2.704,-136.9,-0.7506,199,58.3,36.66,1.2,1.915,-2.235,-19.93,3.3206,2.8935000000000004,-31.159999999999997
13,34,7,3.0,10,14,1.5,5,3,477,54.9,21.0,1.04,2.146,-2.517,-67.1,0.4964,432,50.7,-106.15,0.82,2.171,-2.73,-130.79,-0.9922,212,59.0,31.44,1.16,1.79,-2.21,-16.2,3.3798,2.884,-53.71000000000001
13,34,7,3.0,10,20,1.2,4,5,629,57.4,42.59,1.06,1.986,-2.516,-89.96,0.7835,620,51.0,-169.95,0.79,2.08,-2.721,-194.72,-1.0415,288,59.0,40.46,1.15,1.777,-2.217,-22.68,3.1371,2.8791,-86.89999999999998
13,21,14,2.0,10,20,1.5,6,3,86,60.5,23.92,1.28,2.096,-2.502,-17.28,2.6888,58,56.9,9.15,1.14,2.322,-2.7,-23.55,0.6638,28,50.0,-7.3,0.76,1.66,-2.181,-16.53,-0.475,2.8775999999999997,25.77
13,21,10,3.0,10,14,1.5,5,5,445,55.1,10.81,1.02,2.068,-2.479,-81.17,0.2085,408,50.0,-123.82,0.78,2.102,-2.709,-161.82,-0.8851,198,58.6,30.72,1.17,1.805,-2.179,-15.1,3.5464,2.8698,-82.28999999999999
9,34,14,3.0,10,14,1.2,5,5,465,55.3,27.63,1.05,2.114,-2.479,-66.84,0.6662,427,49.9,-150.7,0.74,2.015,-2.71,-184.34,-0.902,205,58.0,32.77,1.17,1.862,-2.195,-18.65,3.0921,2.8563,-90.29999999999998
9,34,14,3.0,10,20,1.5,4,5,621,57.0,33.82,1.05,2.003,-2.529,-53.31,1.0268,617,51.5,-164.49,0.8,2.072,-2.754,-194.83,-1.0186,285,59.3,41.53,1.16,1.763,-2.21,-26.05,2.8416,2.8498,-89.14000000000001
9,21,14,3.0,14,20,1.5,6,3,82,56.1,4.61,1.05,2.055,-2.498,-28.1,0.2601,54,61.1,20.35,1.35,2.354,-2.729,-13.78,3.0052,21,47.6,-7.36,0.7,1.708,-2.222,-16.35,-0.4377,2.8276,17.6
13,21,14,3.0,10,20,1.2,6,3,99,57.6,16.25,1.15,2.141,-2.519,-14.22,1.9404,72,59.7,17.75,1.23,2.231,-2.697,-23.41,1.4249,34,47.1,-11.47,0.7,1.7,-2.148,-20.71,-0.5465,2.8188,22.53
9,34,10,3.0,14,14,1.5,4,5,609,58.0,56.5,1.09,1.987,-2.519,-52.43,1.817,612,52.6,-141.45,0.82,2.028,-2.739,-166.57,-1.0589,274,57.7,29.02,1.11,1.815,-2.222,-23.9,2.0449,2.803,-55.92999999999999
13,34,14,3.0,10,14,1.2,4,5,620,56.6,20.1,1.03,1.995,-2.529,-93.02,0.3447,624,51.3,-173.67,0.79,2.059,-2.739,-199.55,-1.0368,284,60.2,43.92,1.17,1.732,-2.232,-22.74,3.4796,2.7875,-109.64999999999999
9,34,10,2.0,14,20,1.5,5,5,434,53.7,-26.23,0.95,2.04,-2.495,-75.19,-0.5014,395,54.4,-41.39,0.91,2.061,-2.691,-115.23,-0.503,182,58.8,38.16,1.23,1.92,-2.23,-18.66,3.7851,2.7807,-29.460000000000008
9,34,10,3.0,14,20,1.5,6,3,86,55.8,10.44,1.11,2.195,-2.498,-26.07,0.6674,59,61.0,18.22,1.29,2.254,-2.736,-13.78,2.5598,22,45.5,-9.57,0.64,1.708,-2.221,-18.56,-0.4562,2.771,19.089999999999996
9,21,10,3.0,14,14,1.5,4,5,612,57.7,48.64,1.07,1.992,-2.527,-51.93,1.5569,619,53.5,-130.8,0.83,1.994,-2.745,-164.16,-1.0144,279,57.7,28.46,1.11,1.825,-2.249,-21.34,2.225,2.7675,-53.70000000000001
9,21,7,3.0,10,20,1.2,4,5,629,58.0,60.98,1.09,2.002,-2.536,-57.16,1.8079,628,52.7,-152.52,0.81,1.999,-2.741,-191.73,-0.9821,291,58.8,31.13,1.12,1.758,-2.246,-27.43,1.9392,2.765,-60.410000000000025
13,34,10,3.0,14,20,1.5,6,5,84,57.1,15.08,1.17,2.189,-2.5,-23.56,1.1268,61,60.7,17.01,1.26,2.226,-2.723,-16.21,2.0012,20,50.0,-5.09,0.77,1.708,-2.218,-14.95,-0.3691,2.7589,27.000000000000004
13,34,14,3.0,10,14,1.5,4,5,619,56.9,28.55,1.04,2.001,-2.532,-91.31,0.5056,615,52.2,-139.79,0.83,2.069,-2.735,-158.53,-1.1018,282,60.3,47.33,1.19,1.75,-2.234,-25.92,3.3514,2.7552000000000003,-63.91
9,21,14,3.0,10,14,1.2,6,5,99,56.6,20.68,1.19,2.284,-2.493,-14.66,2.4668,69,58.0,8.56,1.11,2.15,-2.671,-18.11,0.7863,36,47.2,-10.5,0.74,1.795,-2.159,-22.07,-0.4987,2.7544,18.740000000000002
9,21,14,3.0,10,20,1.2,6,3,98,58.2,16.54,1.16,2.103,-2.52,-13.25,2.1306,70,58.6,15.44,1.2,2.284,-2.697,-24.43,1.1531,34,47.1,-11.47,0.7,1.7,-2.148,-20.71,-0.5465,2.7371999999999996,20.509999999999998
13,34,10,3.0,10,20,1.5,5,3,472,56.1,32.03,1.06,2.088,-2.519,-52.09,0.9999,420,52.4,-71.06,0.87,2.153,-2.724,-102.83,-0.9068,207,58.9,31.42,1.17,1.793,-2.203,-21.08,2.641,2.7340999999999998,-7.609999999999999
13,21,14,3.0,14,14,1.2,5,5,468,57.5,63.45,1.13,2.075,-2.486,-48.59,2.2731,427,51.3,-117.56,0.79,2.018,-2.69,-150.32,-0.9285,206,56.3,20.02,1.1,1.881,-2.202,-24.01,1.3775,2.7220999999999997,-34.09
9,21,7,2.0,10,14,1.2,5,3,537,56.4,33.22,1.06,2.057,-2.522,-48.72,1.1041,488,52.9,-97.0,0.85,2.062,-2.735,-128.5,-0.9685,234,58.1,27.67,1.13,1.802,-2.218,-18.09,2.5838,2.7194000000000003,-36.11
13,21,10,3.0,14,20,1.5,6,3,83,55.4,4.32,1.05,2.103,-2.498,-28.1,0.2414,57,61.4,19.99,1.33,2.285,-2.727,-13.78,2.9098,21,47.6,-7.36,0.7,1.708,-2.222,-16.35,-0.4377,2.7135000000000002,16.95
13,21,10,2.0,10,20,1.5,6,5,85,60.0,23.03,1.27,2.12,-2.502,-17.28,2.5612,56,57.1,7.11,1.11,2.238,-2.688,-20.56,0.5758,27,51.9,-5.59,0.81,1.66,-2.218,-15.06,-0.4264,2.7106,24.55
9,34,14,3.0,14,20,1.5,4,3,715,55.1,12.69,1.02,2.07,-2.501,-96.45,0.2052,698,52.6,-121.73,0.87,2.154,-2.756,-173.3,-0.9234,324,57.4,40.21,1.13,1.879,-2.242,-19.94,3.415,2.6968,-68.83000000000001
9,21,10,3.0,10,20,1.2,6,5,97,57.7,15.03,1.14,2.119,-2.528,-13.25,1.9054,70,58.6,15.65,1.2,2.284,-2.69,-21.44,1.3279,34,47.1,-11.47,0.7,1.7,-2.148,-20.71,-0.5465,2.6868,19.21
9,21,14,3.0,14,14,1.5,4,5,611,57.9,52.45,1.08,1.983,-2.527,-52.28,1.6804,618,53.2,-137.57,0.83,1.996,-2.749,-162.97,-1.063,280,57.5,28.95,1.11,1.84,-2.246,-23.43,2.0689,2.6863,-56.16999999999999
13,21,14,3.0,10,14,1.2,6,5,100,56.0,20.39,1.19,2.323,-2.493,-17.16,2.0773,71,59.2,10.87,1.14,2.103,-2.671,-16.94,1.0997,36,47.2,-10.5,0.74,1.795,-2.159,-22.07,-0.4987,2.6783,20.759999999999998
9,34,7,3.0,10,14,1.2,6,3,102,56.9,24.11,1.22,2.324,-2.516,-12.59,3.3905,75,54.7,-3.84,0.96,2.126,-2.676,-27.81,-0.1972,39,46.2,-13.89,0.69,1.743,-2.155,-26.32,-0.5151,2.6782,6.379999999999999
13,34,10,2.0,10,20,1.5,6,5,82,59.8,20.65,1.25,2.105,-2.5,-17.28,2.2563,52,57.7,9.89,1.17,2.31,-2.701,-19.08,0.9062,28,50.0,-8.08,0.74,1.66,-2.238,-17.55,-0.4851,2.6774,22.46
9,34,7,3.0,10,14,1.5,5,5,439,54.9,-0.85,1.0,2.037,-2.484,-76.34,-0.0171,408,50.7,-119.8,0.78,2.064,-2.722,-151.22,-0.9265,199,58.8,33.33,1.19,1.814,-2.182,-16.34,3.6199,2.6763,-87.32
9,34,10,3.0,14,20,1.2,4,5,618,57.4,45.82,1.07,1.989,-2.511,-66.21,1.1479,615,51.7,-152.71,0.81,2.065,-2.725,-181.88,-1.0278,276,58.0,35.57,1.14,1.827,-2.213,-24.08,2.5507,2.6708,-71.32000000000002
9,34,7,3.0,10,20,1.2,6,3,99,58.6,21.19,1.2,2.166,-2.547,-13.25,2.8379,77,55.8,6.18,1.07,2.276,-2.697,-25.38,0.39,37,45.9,-14.86,0.65,1.65,-2.146,-24.1,-0.5649,2.6630000000000003,12.510000000000002
9,34,14,3.0,10,14,1.2,6,5,101,56.4,24.93,1.23,2.362,-2.493,-17.16,2.636,71,57.7,6.68,1.08,2.124,-2.68,-19.99,0.5437,37,45.9,-12.72,0.71,1.795,-2.161,-24.28,-0.5181,2.6616,18.89
13,21,7,3.0,10,14,1.2,5,3,527,56.0,35.54,1.06,2.096,-2.511,-74.08,0.7834,465,48.8,-154.8,0.76,2.167,-2.717,-172.91,-1.0076,229,59.4,30.79,1.15,1.739,-2.213,-18.56,2.8838,2.6595999999999997,-88.47000000000003
9,34,7,3.0,10,20,1.5,5,5,432,55.8,10.37,1.02,2.026,-2.503,-58.82,0.2759,395,51.9,-95.65,0.82,2.059,-2.725,-128.78,-0.9127,192,57.8,29.95,1.17,1.859,-2.178,-15.78,3.2947,2.6579,-55.33
9,34,7,2.0,10,14,1.2,5,3,518,55.0,1.17,1.0,2.058,-2.512,-77.76,0.023,463,53.3,-83.8,0.86,2.058,-2.742,-129.6,-0.8448,221,58.8,34.87,1.17,1.825,-2.224,-17.68,3.4752,2.6534,-47.76
9,34,7,3.0,10,20,1.2,6,5,98,58.2,20.02,1.19,2.183,-2.547,-13.25,2.6493,74,56.8,8.11,1.09,2.248,-2.697,-23.46,0.5686,37,45.9,-14.86,0.65,1.65,-2.146,-24.1,-0.5649,2.6530000000000005,13.27
9,34,10,3.0,10,20,1.2,6,5,99,57.6,19.27,1.18,2.2,-2.527,-13.25,2.5192,72,56.9,9.24,1.11,2.271,-2.706,-23.37,0.6603,35,45.7,-13.68,0.67,1.7,-2.151,-22.92,-0.5545,2.625,14.829999999999998
13,34,7,3.0,10,20,1.5,5,3,469,56.3,32.09,1.06,2.083,-2.526,-47.4,1.1005,423,51.3,-93.72,0.83,2.157,-2.727,-116.01,-1.0097,210,58.6,30.43,1.16,1.803,-2.199,-21.08,2.5324,2.6231999999999998,-31.199999999999996
9,34,10,2.0,14,14,1.5,5,5,445,55.3,4.17,1.01,2.016,-2.472,-67.44,0.0953,400,54.2,-41.44,0.92,2.086,-2.7,-111.44,-0.5209,187,58.3,29.33,1.17,1.869,-2.236,-16.8,3.0474,2.6218,-7.939999999999998
9,21,14,3.0,10,14,1.5,4,5,623,58.6,62.21,1.1,1.963,-2.536,-45.69,2.3139,619,52.3,-154.65,0.81,2.028,-2.751,-192.3,-0.9866,289,57.8,25.1,1.09,1.789,-2.243,-32.55,1.2888,2.6160999999999994,-67.34
13,34,7,3.0,14,14,1.2,4,5,616,57.8,50.7,1.08,1.984,-2.521,-74.82,1.1368,618,50.3,-210.34,0.75,2.011,-2.723,-231.54,-1.0176,281,58.4,29.43,1.11,1.773,-2.234,-19.98,2.4716,2.5907999999999998,-130.20999999999998
13,21,10,3.0,10,20,1.5,5,5,438,56.4,25.51,1.05,2.037,-2.501,-58.62,0.7048,394,51.3,-99.4,0.81,2.082,-2.709,-139.11,-0.8681,193,57.5,27.54,1.15,1.86,-2.182,-17.22,2.7462,2.5829,-46.35
13,34,10,2.0,14,14,1.5,5,3,465,56.1,26.83,1.05,2.061,-2.505,-56.55,0.7659,414,53.4,-40.27,0.92,2.182,-2.707,-120.15,-0.4705,201,57.7,23.97,1.12,1.867,-2.266,-17.6,2.2861,2.5814999999999997,10.529999999999994
13,21,10,2.0,10,20,1.5,6,3,86,60.5,24.2,1.28,2.101,-2.502,-17.28,2.7282,57,56.1,4.13,1.06,2.238,-2.7,-23.55,0.2786,27,51.9,-5.59,0.81,1.66,-2.218,-15.06,-0.4264,2.5804,22.74
13,34,10,3.0,14,14,1.5,5,5,437,55.8,32.1,1.07,2.094,-2.481,-40.61,1.2828,392,52.6,-73.77,0.85,2.091,-2.713,-116.95,-0.8146,192,58.3,30.54,1.17,1.853,-2.212,-26.07,2.0943,2.5625,-11.129999999999995
9,21,14,3.0,10,20,1.2,4,5,625,58.2,58.88,1.09,1.981,-2.537,-47.17,2.1061,624,53.0,-141.23,0.82,2.0,-2.741,-186.04,-0.9524,292,57.9,26.09,1.09,1.78,-2.234,-31.16,1.402,2.5557,-56.25999999999999
13,34,7,2.0,14,14,1.5,5,3,462,56.3,32.49,1.06,2.073,-2.507,-52.29,1.0138,411,53.5,-40.07,0.92,2.174,-2.714,-114.01,-0.4936,201,57.7,21.93,1.11,1.848,-2.264,-18.05,2.0219,2.5421,14.350000000000001
9,34,10,2.0,10,20,1.5,6,5,82,59.8,20.65,1.25,2.105,-2.5,-17.28,2.2563,54,57.4,8.62,1.14,2.27,-2.685,-19.08,0.7702,28,50.0,-8.08,0.74,1.66,-2.238,-17.55,-0.4851,2.5414,21.189999999999998
13,34,10,2.0,10,20,1.2,5,3,494,56.3,33.55,1.06,2.075,-2.516,-62.11,0.8821,442,54.1,-44.98,0.92,2.136,-2.736,-98.73,-0.6386,215,57.7,30.64,1.15,1.883,-2.229,-23.28,2.2902,2.5337,19.21
13,34,10,3.0,14,20,1.5,6,3,87,56.3,14.23,1.15,2.228,-2.498,-26.07,0.9454,61,60.7,17.01,1.26,2.226,-2.723,-16.21,2.0012,21,47.6,-7.49,0.7,1.708,-2.234,-17.34,-0.419,2.5276,23.75
13,34,10,3.0,10,20,1.2,4,5,625,56.6,22.3,1.03,1.994,-2.522,-89.98,0.3964,619,51.2,-158.24,0.81,2.097,-2.725,-183.01,-1.0503,286,59.4,42.45,1.17,1.762,-2.216,-23.83,3.1759,2.522,-93.49
9,34,10,2.0,14,20,1.2,5,5,461,54.2,-11.58,0.98,2.05,-2.484,-60.14,-0.2857,411,54.3,-57.35,0.89,2.013,-2.693,-110.97,-0.7006,193,59.1,37.99,1.22,1.874,-2.224,-19.97,3.5046,2.5183,-30.940000000000005
9,21,7,3.0,10,20,1.2,6,3,99,58.6,18.99,1.18,2.128,-2.547,-13.25,2.4986,74,56.8,9.13,1.11,2.261,-2.682,-26.92,0.567,36,47.2,-12.65,0.69,1.65,-2.142,-21.89,-0.5608,2.5048,15.469999999999997
9,21,10,3.0,14,20,1.5,6,5,81,56.8,7.05,1.08,2.055,-2.5,-28.1,0.4102,55,60.0,17.68,1.29,2.354,-2.727,-13.78,2.4782,20,50.0,-4.97,0.77,1.708,-2.205,-13.95,-0.3859,2.5025000000000004,19.76
9,21,10,3.0,10,14,1.2,6,5,99,56.6,20.68,1.19,2.284,-2.493,-14.66,2.4668,70,57.1,5.79,1.07,2.15,-2.674,-18.11,0.5102,36,47.2,-10.5,0.74,1.795,-2.159,-22.07,-0.4987,2.4783000000000004,15.969999999999999
9,34,14,2.0,14,14,1.5,5,5,438,55.5,11.7,1.02,2.032,-2.472,-64.03,0.2866,399,54.4,-41.97,0.91,2.072,-2.702,-112.13,-0.5238,188,58.0,26.58,1.15,1.867,-2.24,-16.8,2.714,2.4768,-3.6900000000000013
9,21,10,2.0,14,14,1.2,5,5,488,55.7,12.2,1.02,2.02,-2.487,-60.2,0.3176,443,53.7,-78.94,0.86,1.997,-2.704,-135.59,-0.7619,209,57.4,31.32,1.16,1.908,-2.22,-18.58,2.9179,2.4736,-35.419999999999995
13,34,14,2.0,10,20,1.5,5,3,465,55.9,22.91,1.04,2.077,-2.523,-62.24,0.5899,414,55.3,-14.96,0.97,2.137,-2.726,-88.91,-0.2507,204,57.4,26.43,1.14,1.875,-2.217,-21.29,2.1213,2.4605,34.379999999999995
13,34,10,2.0,10,20,1.5,6,3,83,60.2,21.82,1.26,2.087,-2.5,-17.28,2.4184,53,56.6,6.9,1.11,2.31,-2.713,-21.87,0.525,28,50.0,-8.08,0.74,1.66,-2.238,-17.55,-0.4851,2.4583,20.64
9,34,10,2.0,10,14,1.5,5,5,444,52.9,-40.7,0.92,2.036,-2.484,-92.34,-0.6145,412,53.9,-61.63,0.88,2.048,-2.717,-115.67,-0.7159,189,59.3,37.42,1.22,1.843,-2.195,-18.32,3.7687,2.4383,-64.91000000000001
13,34,14,3.0,10,14,1.2,6,3,105,56.2,25.58,1.22,2.378,-2.494,-19.46,2.3879,72,56.9,6.81,1.08,2.2,-2.69,-19.49,0.5645,37,45.9,-12.72,0.71,1.795,-2.161,-24.28,-0.5181,2.4343,19.67
13,21,10,3.0,10,14,1.2,5,3,524,55.9,30.02,1.05,2.079,-2.507,-76.8,0.6327,468,48.7,-155.03,0.76,2.174,-2.711,-179.88,-0.9709,227,59.5,29.59,1.15,1.73,-2.217,-18.56,2.7621,2.4239,-95.42
9,34,10,3.0,10,14,1.2,6,5,101,56.4,24.93,1.23,2.362,-2.493,-17.16,2.636,72,56.9,3.9,1.05,2.124,-2.683,-19.99,0.3055,37,45.9,-12.72,0.71,1.795,-2.161,-24.28,-0.5181,2.4234,16.11
13,21,7,2.0,10,20,1.2,5,5,468,55.6,9.37,1.02,2.041,-2.506,-59.54,0.2451,421,53.0,-83.1,0.85,2.037,-2.714,-116.49,-0.9146,202,57.9,27.09,1.15,1.825,-2.194,-14.85,3.0909,2.4214,-46.639999999999986
9,21,7,3.0,10,14,1.2,6,3,102,56.9,21.91,1.2,2.287,-2.516,-12.59,3.0307,73,54.8,-1.95,0.98,2.152,-2.668,-25.93,-0.1097,38,47.4,-11.68,0.73,1.743,-2.152,-24.11,-0.4996,2.4213999999999998,8.280000000000001
13,34,14,3.0,14,14,1.5,5,3,465,55.9,48.94,1.1,2.158,-2.498,-43.47,1.8799,423,53.0,-65.23,0.88,2.135,-2.731,-100.99,-0.8608,212,56.6,20.61,1.1,1.868,-2.212,-24.43,1.3976,2.4166999999999996,4.319999999999993
9,21,7,3.0,14,20,1.2,5,5,473,57.5,44.78,1.09,2.015,-2.504,-37.43,1.9984,413,50.8,-112.58,0.8,2.079,-2.705,-140.05,-0.9572,207,57.0,23.97,1.12,1.848,-2.181,-29.82,1.3718,2.413,-43.83
9,34,10,3.0,10,14,1.2,5,3,523,55.4,16.18,1.03,2.06,-2.495,-78.53,0.3251,467,49.5,-142.92,0.78,2.16,-2.72,-168.04,-0.9823,226,59.3,28.87,1.14,1.734,-2.212,-16.11,3.0696,2.4124,-97.86999999999998
9,34,10,3.0,10,20,1.5,5,5,435,55.6,13.17,1.03,2.043,-2.493,-61.21,0.3385,394,52.0,-90.48,0.82,2.069,-2.723,-130.46,-0.8625,191,57.6,26.88,1.15,1.849,-2.179,-15.65,2.9322,2.4082,-50.43000000000001
13,21,7,3.0,10,20,1.5,4,5,626,56.9,32.71,1.05,2.01,-2.53,-86.22,0.6165,621,52.7,-158.29,0.8,1.993,-2.755,-188.28,-1.0271,283,59.4,40.2,1.16,1.767,-2.231,-25.32,2.8154,2.4048,-85.37999999999998
13,21,7,3.0,14,20,1.2,4,5,625,56.8,32.18,1.05,2.007,-2.52,-82.39,0.6337,623,52.2,-171.78,0.79,1.971,-2.726,-193.12,-1.0618,280,58.9,39.95,1.16,1.798,-2.233,-24.92,2.8306,2.4025,-99.64999999999999
13,34,7,3.0,10,14,1.5,6,5,77,59.7,24.63,1.32,2.23,-2.514,-18.75,2.6215,62,54.8,4.32,1.06,2.305,-2.645,-21.82,0.3102,32,46.9,-10.32,0.72,1.754,-2.155,-19.56,-0.5295,2.4022,18.63
9,34,10,3.0,10,14,1.5,5,5,441,54.4,0.08,1.0,2.073,-2.475,-80.6,0.0014,406,51.0,-111.6,0.79,2.074,-2.718,-149.86,-0.8865,198,58.6,30.31,1.17,1.804,-2.182,-16.15,3.2779,2.3928,-81.21
9,21,7,3.0,10,14,1.5,4,5,627,58.4,62.54,1.09,1.979,-2.535,-51.65,2.059,624,52.6,-156.32,0.81,2.002,-2.746,-188.38,-1.0171,288,58.3,27.49,1.1,1.772,-2.252,-34.5,1.3505,2.3924000000000003,-66.29
13,34,7,3.0,14,14,1.5,5,5,434,56.2,29.94,1.06,2.062,-2.491,-38.25,1.2669,395,51.6,-93.53,0.82,2.088,-2.719,-128.23,-0.8999,194,58.2,29.58,1.17,1.846,-2.21,-26.07,2.0147,2.3817,-34.010000000000005
9,34,10,2.0,10,20,1.5,6,3,83,60.2,21.82,1.26,2.087,-2.5,-17.28,2.4184,55,56.4,5.63,1.09,2.27,-2.698,-20.8,0.4391,28,50.0,-8.08,0.74,1.66,-2.238,-17.55,-0.4851,2.3724,19.369999999999997
13,21,10,3.0,10,14,1.2,6,5,100,56.0,20.39,1.19,2.323,-2.493,-17.16,2.0773,72,58.3,8.09,1.1,2.103,-2.674,-16.94,0.7862,36,47.2,-10.5,0.74,1.795,-2.159,-22.07,-0.4987,2.3648000000000002,17.98
13,21,10,3.0,14,20,1.2,4,5,624,56.4,16.26,1.02,1.997,-2.524,-77.38,0.3323,625,52.8,-154.89,0.81,1.975,-2.734,-186.23,-1.0213,277,58.5,37.27,1.15,1.812,-2.229,-21.16,3.0523,2.3632999999999997,-101.35999999999999
9,34,14,3.0,10,14,1.2,5,3,516,55.0,21.7,1.04,2.114,-2.494,-73.98,0.4656,468,50.0,-134.75,0.79,2.146,-2.722,-159.26,-0.9944,225,58.7,31.52,1.15,1.796,-2.21,-19.07,2.8739,2.3451,-81.53
9,34,10,3.0,10,20,1.2,6,3,101,57.4,18.14,1.17,2.183,-2.522,-14.22,2.1896,74,56.8,9.72,1.11,2.3,-2.715,-22.89,0.7093,35,45.7,-13.68,0.67,1.7,-2.151,-22.92,-0.5545,2.3444000000000003,14.18
13,34,7,3.0,10,14,1.5,6,3,78,60.3,25.8,1.33,2.207,-2.514,-18.75,2.7862,63,54.0,1.33,1.02,2.305,-2.656,-24.81,0.0809,32,46.9,-10.32,0.72,1.754,-2.155,-19.56,-0.5295,2.3376,16.810000000000002
13,21,7,3.0,10,14,1.5,5,5,447,55.3,6.94,1.01,2.044,-2.49,-78.32,0.1378,409,49.9,-130.94,0.77,2.09,-2.719,-160.7,-0.9285,199,58.3,30.96,1.17,1.823,-2.175,-17.41,3.1192,2.3285,-93.03999999999999
13,34,7,3.0,14,20,1.2,4,5,624,57.5,44.34,1.07,1.977,-2.511,-83.4,0.8827,609,50.7,-174.36,0.79,2.069,-2.712,-194.58,-1.0559,282,58.2,32.68,1.12,1.797,-2.221,-22.24,2.501,2.3278,-97.34
9,21,7,2.0,10,20,1.5,5,5,459,55.6,-1.7,1.0,2.007,-2.517,-50.95,-0.0507,410,54.6,-49.46,0.9,2.032,-2.713,-97.38,-0.7012,195,57.9,26.91,1.15,1.825,-2.187,-14.89,3.0754,2.3235,-24.250000000000004
9,34,14,3.0,10,20,1.2,4,5,626,56.7,22.84,1.03,1.988,-2.519,-68.21,0.5344,618,51.6,-144.74,0.82,2.116,-2.741,-178.76,-1.0052,286,59.1,40.74,1.16,1.766,-2.203,-25.88,2.7916,2.3207999999999998,-81.16
13,21,14,3.0,10,20,1.5,5,5,435,56.8,36.46,1.08,2.053,-2.504,-50.79,1.1891,392,51.8,-89.43,0.83,2.082,-2.71,-124.68,-0.8915,193,56.5,23.67,1.13,1.898,-2.18,-19.69,2.0222,2.3198000000000003,-29.300000000000004
9,21,14,3.0,14,14,1.5,5,5,440,57.7,61.04,1.13,2.063,-2.489,-41.73,2.5503,402,51.7,-86.38,0.84,2.111,-2.709,-124.79,-0.8707,197,54.8,11.63,1.06,1.918,-2.197,-29.25,0.6304,2.31,-13.709999999999996
9,21,10,3.0,14,20,1.5,6,3,82,56.1,4.61,1.05,2.055,-2.498,-28.1,0.2601,55,60.0,17.68,1.29,2.354,-2.727,-13.78,2.4782,21,47.6,-7.36,0.7,1.708,-2.222,-16.35,-0.4377,2.3006,14.93
13,21,14,3.0,10,20,1.2,4,5,628,56.8,22.6,1.03,1.981,-2.527,-79.12,0.4571,619,52.7,-146.23,0.82,2.025,-2.752,-185.29,-0.9811,287,58.9,38.14,1.15,1.774,-2.217,-23.64,2.8171,2.2931,-85.49
9,34,14,3.0,14,20,1.5,5,5,431,55.7,18.6,1.04,2.068,-2.501,-51.18,0.5764,393,53.2,-69.62,0.86,2.037,-2.693,-108.34,-0.8384,185,56.8,28.3,1.16,1.939,-2.192,-19.18,2.5533,2.2913,-22.720000000000002
9,34,10,2.0,10,20,1.5,5,5,438,53.2,-40.11,0.92,2.034,-2.508,-84.54,-0.6622,399,54.9,-44.72,0.91,2.036,-2.726,-99.54,-0.6262,189,58.2,35.33,1.2,1.893,-2.188,-17.88,3.5657,2.2773000000000003,-49.5
13,21,7,3.0,10,20,1.5,5,5,438,56.6,21.72,1.05,2.009,-2.508,-57.21,0.611,394,51.5,-98.67,0.81,2.068,-2.714,-131.63,-0.9127,194,57.2,28.13,1.16,1.879,-2.174,-18.87,2.5732,2.2715,-48.82000000000001
13,34,14,2.0,10,20,1.2,6,5,100,56.0,5.06,1.05,2.086,-2.54,-20.89,0.377,69,59.4,22.25,1.29,2.406,-2.729,-17.96,2.4148,34,44.1,-15.28,0.63,1.749,-2.185,-24.52,-0.5453,2.2465,12.03
9,34,14,2.0,14,20,1.2,5,5,456,54.6,-1.81,1.0,2.057,-2.483,-47.55,-0.0575,410,54.9,-49.69,0.9,1.995,-2.695,-106.13,-0.6467,194,58.8,32.9,1.18,1.851,-2.227,-19.97,2.9506,2.2464,-18.6
13,21,7,3.0,10,14,1.5,6,5,77,59.7,24.63,1.32,2.23,-2.514,-18.75,2.6215,62,54.8,1.83,1.02,2.214,-2.623,-23.2,0.1203,31,48.4,-8.11,0.76,1.754,-2.151,-17.35,-0.5013,2.2405,18.35
13,21,10,3.0,14,14,1.5,4,5,616,57.0,33.01,1.05,2.001,-2.526,-68.26,0.7851,620,53.1,-146.07,0.82,1.982,-2.743,-171.9,-1.0565,275,58.2,33.65,1.13,1.821,-2.241,-23.04,2.5031,2.2317,-79.41
13,34,7,2.0,10,14,1.2,4,5,624,56.1,39.93,1.06,2.094,-2.529,-78.69,0.8272,616,52.8,-136.73,0.83,2.051,-2.761,-154.25,-1.1164,296,59.5,40.46,1.15,1.757,-2.24,-28.49,2.5172,2.2279999999999998,-56.33999999999998
9,21,10,3.0,14,14,1.2,5,5,476,58.0,59.27,1.12,2.019,-2.49,-41.84,2.4463,431,50.6,-130.53,0.77,2.042,-2.703,-162.95,-0.9271,210,56.2,14.64,1.07,1.846,-2.208,-33.69,0.7068,2.226,-56.61999999999999
13,21,7,3.0,10,14,1.5,6,3,78,60.3,25.8,1.33,2.207,-2.514,-18.75,2.7862,63,54.0,-1.15,0.98,2.214,-2.635,-26.19,-0.0643,31,48.4,-8.11,0.76,1.754,-2.151,-17.35,-0.5013,2.2206,16.540000000000003
9,34,7,3.0,14,20,1.2,4,5,621,57.8,56.02,1.09,1.989,-2.511,-71.01,1.3321,612,51.1,-167.17,0.79,2.071,-2.727,-188.24,-1.0614,280,57.5,28.68,1.11,1.814,-2.213,-24.72,1.948,2.2187,-82.46999999999997
9,34,7,3.0,14,20,1.5,4,3,718,54.9,-4.94,0.99,2.04,-2.497,-103.52,-0.0728,696,51.9,-142.42,0.85,2.16,-2.753,-178.01,-1.0217,327,57.5,38.92,1.13,1.858,-2.234,-19.83,3.3126,2.2181,-108.43999999999998
13,21,7,2.0,10,14,1.2,4,5,631,57.5,56.78,1.08,2.02,-2.525,-52.95,1.797,629,52.1,-151.8,0.82,2.075,-2.766,-172.8,-1.0865,306,57.5,24.4,1.08,1.777,-2.218,-26.95,1.4915,2.202,-70.62
13,21,10,2.0,14,14,1.2,5,5,478,55.0,4.47,1.01,2.052,-2.489,-54.97,0.1249,435,53.6,-77.92,0.86,2.006,-2.699,-142.48,-0.7147,202,57.9,33.81,1.18,1.904,-2.223,-21.61,2.7836,2.1938,-39.64
13,34,10,3.0,10,14,1.2,6,3,105,56.2,25.58,1.22,2.378,-2.494,-19.46,2.3879,73,56.2,4.03,1.05,2.2,-2.693,-19.49,0.322,37,45.9,-12.72,0.71,1.795,-2.161,-24.28,-0.5181,2.1918,16.89
9,21,10,3.0,14,20,1.2,5,5,472,57.0,35.62,1.07,2.019,-2.5,-39.69,1.4706,415,50.8,-111.64,0.8,2.086,-2.705,-145.85,-0.9147,205,57.6,27.75,1.15,1.847,-2.187,-29.82,1.6252,2.1811,-48.27000000000001
13,21,14,3.0,14,20,1.5,5,5,434,56.2,23.75,1.05,2.048,-2.505,-55.37,0.6912,393,52.4,-79.11,0.84,2.049,-2.681,-117.11,-0.8598,186,56.5,28.55,1.16,1.963,-2.192,-21.1,2.346,2.1774,-26.81
9,21,14,3.0,14,20,1.5,5,5,437,56.8,32.87,1.07,2.047,-2.512,-45.09,1.1951,391,52.2,-79.46,0.84,2.075,-2.689,-116.18,-0.8687,189,56.1,25.28,1.14,1.956,-2.193,-23.27,1.851,2.1774,-21.309999999999995
9,34,14,3.0,14,14,1.2,4,5,615,57.4,43.81,1.07,1.996,-2.522,-64.79,1.1175,622,51.8,-171.67,0.79,2.026,-2.747,-190.56,-1.0767,276,57.6,27.95,1.11,1.811,-2.222,-21.88,2.1323,2.1731,-99.90999999999998
13,34,14,2.0,10,14,1.5,6,5,80,57.5,13.22,1.15,2.143,-2.511,-27.83,0.8339,61,59.0,17.82,1.27,2.342,-2.66,-18.36,1.8559,31,48.4,-8.99,0.74,1.749,-2.202,-18.23,-0.5167,2.1731,22.049999999999997
13,34,14,2.0,14,20,1.5,5,3,449,55.0,-3.59,0.99,2.043,-2.516,-60.54,-0.0899,408,53.7,-37.28,0.93,2.162,-2.702,-121.86,-0.4323,199,57.8,27.43,1.15,1.872,-2.236,-17.46,2.6869,2.1647,-13.440000000000005
9,34,7,3.0,10,20,1.5,4,5,623,57.0,36.07,1.05,2.008,-2.525,-60.16,0.9752,620,51.6,-168.95,0.8,2.051,-2.751,-193.94,-1.0449,285,58.6,35.3,1.14,1.774,-2.212,-27.78,2.2088,2.1391,-97.58
9,21,10,3.0,10,20,1.2,4,5,627,57.7,48.46,1.07,1.992,-2.538,-52.95,1.5189,626,52.6,-149.76,0.82,2.02,-2.741,-194.75,-0.9525,290,58.3,27.17,1.1,1.766,-2.242,-29.18,1.5673,2.1336999999999997,-74.12999999999998
9,34,10,3.0,14,20,1.2,5,5,464,55.8,20.01,1.04,2.043,-2.483,-49.18,0.6457,410,52.0,-94.36,0.82,2.048,-2.693,-125.07,-0.9351,202,58.4,31.47,1.17,1.825,-2.189,-23.11,2.4213,2.1319,-42.879999999999995
9,34,7,2.0,14,14,1.5,5,5,443,55.8,13.54,1.03,2.02,-2.477,-62.66,0.3405,398,54.3,-40.08,0.92,2.096,-2.708,-99.37,-0.5659,187,57.8,23.88,1.14,1.858,-2.238,-17.27,2.3405,2.1151,-2.66
9,21,10,2.0,14,20,1.5,5,5,457,54.9,-11.61,0.98,2.001,-2.495,-57.73,-0.2993,407,55.0,-35.57,0.93,2.04,-2.692,-104.09,-0.4869,193,58.0,31.46,1.17,1.886,-2.219,-19.16,2.8975,2.1113,-15.719999999999999
9,34,14,3.0,10,20,1.5,5,5,433,55.7,20.47,1.04,2.074,-2.497,-55.6,0.5871,392,52.6,-80.5,0.84,2.069,-2.725,-116.02,-0.8828,192,56.8,26.09,1.14,1.897,-2.177,-18.54,2.3951,2.0993999999999997,-33.94
9,21,10,3.0,10,20,1.2,6,3,99,57.6,13.89,1.13,2.103,-2.523,-13.37,1.7225,71,57.7,12.66,1.16,2.284,-2.699,-24.43,0.9085,34,47.1,-11.47,0.7,1.7,-2.148,-20.71,-0.5465,2.0845,15.08
13,34,10,3.0,14,20,1.2,4,5,620,57.1,31.77,1.05,1.981,-2.517,-79.67,0.6481,611,51.4,-159.37,0.8,2.059,-2.714,-179.58,-1.0719,278,58.6,40.18,1.16,1.813,-2.22,-28.5,2.5007,2.0769,-87.42000000000002
13,21,14,3.0,10,14,1.5,5,5,441,55.6,24.49,1.05,2.085,-2.481,-71.91,0.5489,407,50.9,-108.59,0.8,2.095,-2.711,-145.94,-0.8916,197,57.4,25.83,1.14,1.847,-2.177,-18.22,2.4127,2.0700000000000003,-58.27000000000001
9,21,7,3.0,14,14,1.2,5,5,479,58.2,61.29,1.12,2.012,-2.5,-42.02,2.5308,430,50.9,-126.65,0.78,2.028,-2.705,-152.32,-0.9701,212,55.7,10.77,1.05,1.846,-2.202,-33.69,0.5083,2.069,-54.59000000000002
9,21,14,3.0,10,20,1.2,5,3,507,56.8,49.78,1.09,2.091,-2.522,-43.33,1.9196,453,50.6,-116.66,0.81,2.153,-2.721,-142.11,-0.9924,229,57.2,21.33,1.1,1.817,-2.212,-31.48,1.1342,2.0614,-45.55
9,34,7,3.0,14,20,1.2,5,5,461,56.0,21.56,1.04,2.043,-2.49,-46.97,0.7307,409,51.8,-98.57,0.81,2.04,-2.696,-122.43,-0.9874,204,58.3,30.28,1.16,1.818,-2.189,-23.11,2.3123,2.0556,-46.72999999999999
9,34,14,2.0,14,20,1.5,5,5,428,54.2,-14.19,0.97,2.047,-2.496,-60.33,-0.3465,393,54.7,-39.33,0.92,2.047,-2.693,-111.38,-0.497,183,57.9,30.62,1.18,1.908,-2.229,-18.66,2.8988,2.0553,-22.899999999999995
9,21,7,3.0,10,20,1.2,5,3,514,57.0,48.29,1.09,2.065,-2.519,-40.5,1.9852,451,50.1,-124.71,0.8,2.16,-2.724,-145.66,-1.0168,231,57.6,19.34,1.09,1.771,-2.206,-29.72,1.0809,2.0493,-57.079999999999984
9,21,10,2.0,14,20,1.2,5,5,484,54.8,-0.93,1.0,2.055,-2.491,-47.83,-0.0296,426,54.7,-54.01,0.9,2.011,-2.707,-109.55,-0.6776,205,58.0,31.55,1.17,1.861,-2.209,-20.22,2.7403,2.0331,-23.389999999999997
13,21,10,3.0,10,20,1.2,6,3,100,57.0,13.59,1.13,2.141,-2.522,-15.87,1.424,73,58.9,14.97,1.18,2.231,-2.699,-23.41,1.1547,34,47.1,-11.47,0.7,1.7,-2.148,-20.71,-0.5465,2.0322,17.090000000000003
9,21,14,2.0,10,20,1.5,6,5,86,59.3,18.2,1.21,2.071,-2.497,-17.28,1.9162,59,55.9,7.67,1.11,2.335,-2.669,-21.64,0.5864,28,50.0,-7.3,0.76,1.66,-2.181,-16.53,-0.475,2.0276,18.569999999999997
9,21,7,3.0,14,14,1.5,4,5,613,57.9,59.87,1.09,2.005,-2.527,-51.83,1.9538,621,53.0,-147.91,0.82,1.983,-2.74,-169.42,-1.0823,282,57.8,25.84,1.1,1.802,-2.251,-38.31,1.1375,2.009,-62.19999999999999
9,34,7,3.0,10,14,1.5,6,3,78,60.3,25.8,1.33,2.207,-2.514,-18.75,2.7862,63,52.4,-5.34,0.93,2.243,-2.646,-29.14,-0.2519,32,46.9,-10.32,0.72,1.754,-2.155,-19.56,-0.5295,2.0048,10.14
9,21,10,3.0,10,14,1.5,4,5,625,58.1,52.11,1.08,1.975,-2.537,-51.11,1.705,622,52.6,-150.9,0.81,2.019,-2.75,-188.73,-0.9877,288,58.0,24.49,1.09,1.775,-2.247,-32.26,1.2678,1.9851,-74.30000000000001
13,34,7,3.0,10,14,1.2,4,5,624,56.7,26.12,1.04,2.0,-2.525,-99.58,0.4227,630,50.2,-209.06,0.76,2.048,-2.727,-234.84,-1.0061,287,59.6,37.29,1.14,1.733,-2.234,-25.62,2.5579,1.9745000000000001,-145.65
9,21,14,3.0,14,14,1.2,5,3,520,57.1,55.12,1.1,2.068,-2.507,-40.99,2.2663,468,49.4,-147.23,0.77,2.143,-2.71,-170.86,-0.9862,232,56.5,13.29,1.06,1.818,-2.227,-31.04,0.6874,1.9675000000000002,-78.82
9,34,7,3.0,10,14,1.5,6,5,77,59.7,24.63,1.32,2.23,-2.514,-18.75,2.6215,62,53.2,-2.35,0.97,2.243,-2.634,-26.16,-0.1288,32,46.9,-10.32,0.72,1.754,-2.155,-19.56,-0.5295,1.9632,11.959999999999997
13,34,14,3.0,10,14,1.5,6,5,78,59.0,23.12,1.29,2.251,-2.513,-24.81,1.8341,59,55.9,8.29,1.12,2.335,-2.645,-21.3,0.6499,32,46.9,-10.32,0.72,1.754,-2.155,-19.56,-0.5295,1.9545,21.09
9,21,10,3.0,14,20,1.2,4,5,619,57.0,37.74,1.06,2.017,-2.535,-65.98,0.9343,626,53.2,-140.91,0.82,1.983,-2.735,-177.32,-0.9977,280,57.9,30.55,1.12,1.821,-2.24,-25.66,2.0177,1.9543,-72.61999999999999
13,21,10,3.0,14,14,1.2,4,5,619,56.7,23.39,1.03,1.997,-2.528,-76.15,0.4915,632,52.5,-166.98,0.8,1.976,-2.744,-199.2,-1.0141,277,58.1,30.88,1.12,1.804,-2.237,-21.07,2.4757,1.9530999999999998,-112.70999999999998
13,21,7,2.0,10,20,1.5,5,5,448,54.9,-13.89,0.97,2.01,-2.517,-72.67,-0.284,401,54.9,-43.35,0.91,2.039,-2.718,-86.83,-0.6969,192,57.8,27.39,1.15,1.846,-2.191,-16.01,2.933,1.9521,-29.85
9,34,14,3.0,10,14,1.5,5,5,439,54.7,11.68,1.02,2.101,-2.476,-74.98,0.2433,405,51.9,-96.37,0.82,2.068,-2.721,-133.98,-0.8872,198,57.6,28.5,1.16,1.857,-2.181,-19.05,2.5887,1.9447999999999999,-56.19
13,34,10,2.0,14,20,1.2,5,3,494,54.9,-2.07,1.0,2.058,-2.51,-61.38,-0.0512,432,52.8,-66.07,0.88,2.142,-2.717,-126.89,-0.6952,211,58.3,30.22,1.15,1.858,-2.254,-19.53,2.6857,1.9393000000000002,-37.91999999999999
9,21,10,2.0,10,20,1.5,6,5,85,60.0,20.83,1.24,2.076,-2.502,-17.28,2.2693,60,55.0,1.23,1.02,2.227,-2.676,-23.05,0.0808,27,51.9,-5.59,0.81,1.66,-2.218,-15.06,-0.4264,1.9236999999999997,16.47
13,34,14,3.0,14,14,1.2,5,3,513,55.6,28.98,1.05,2.101,-2.499,-66.15,0.7054,449,51.9,-88.36,0.85,2.14,-2.717,-113.6,-0.9948,225,58.2,30.11,1.14,1.82,-2.216,-23.67,2.2097,1.9203000000000001,-29.269999999999996
9,21,10,2.0,10,20,1.5,6,3,86,60.5,22.0,1.26,2.059,-2.502,-17.28,2.4301,61,54.1,-1.75,0.98,2.227,-2.687,-26.04,-0.0976,27,51.9,-5.59,0.81,1.66,-2.218,-15.06,-0.4264,1.9061,14.66
9,34,10,2.0,10,14,1.2,5,3,523,54.7,-9.42,0.98,2.047,-2.51,-81.96,-0.1729,473,53.3,-83.35,0.86,2.067,-2.734,-135.83,-0.8048,223,58.3,32.7,1.16,1.84,-2.221,-19.85,2.8761,1.8984,-60.06999999999999
9,21,14,2.0,10,20,1.5,6,3,87,59.8,19.37,1.22,2.053,-2.497,-17.28,2.0679,60,55.0,4.68,1.06,2.335,-2.68,-24.63,0.3014,28,50.0,-7.3,0.76,1.66,-2.181,-16.53,-0.475,1.8942999999999999,16.75
9,34,14,2.0,10,14,1.2,5,5,463,54.6,-5.5,0.99,2.055,-2.502,-74.32,-0.1118,438,52.7,-111.42,0.8,1.958,-2.723,-148.33,-0.9144,200,58.0,35.52,1.19,1.906,-2.209,-21.9,2.9194,1.8932,-81.4
13,34,14,3.0,14,20,1.2,5,3,503,54.7,8.85,1.02,2.118,-2.515,-58.9,0.2321,437,51.9,-85.69,0.85,2.139,-2.72,-111.89,-0.9803,221,58.4,34.04,1.17,1.835,-2.202,-23.0,2.6236,1.8754000000000002,-42.800000000000004
13,34,14,2.0,14,20,1.5,6,3,87,57.5,14.66,1.16,2.151,-2.511,-26.21,0.982,59,59.3,15.07,1.23,2.304,-2.732,-21.56,1.3086,20,45.0,-8.66,0.65,1.799,-2.259,-18.66,-0.4162,1.8744,21.07
13,21,10,3.0,14,20,1.2,5,5,469,56.1,26.19,1.05,2.05,-2.491,-53.3,0.7912,413,51.1,-107.66,0.8,2.068,-2.693,-141.26,-0.9171,204,58.3,30.94,1.17,1.82,-2.184,-27.65,1.9948,1.8689,-50.53
9,21,10,3.0,10,14,1.5,5,5,441,55.8,20.26,1.04,2.055,-2.488,-57.91,0.5581,405,49.6,-126.54,0.77,2.124,-2.713,-163.91,-0.8856,200,57.5,22.63,1.12,1.81,-2.182,-17.23,2.1935,1.8659999999999997,-83.65
13,21,7,3.0,14,14,1.2,4,5,621,56.7,28.15,1.04,2.007,-2.522,-82.57,0.5496,631,51.3,-198.86,0.76,1.979,-2.737,-221.2,-1.0339,279,59.1,38.55,1.15,1.785,-2.245,-29.09,2.3466,1.8622999999999998,-132.16000000000003
13,21,10,3.0,10,20,1.5,4,5,624,56.9,32.88,1.05,2.01,-2.53,-71.13,0.7496,622,52.4,-161.17,0.8,2.01,-2.758,-196.94,-0.996,285,58.6,30.86,1.12,1.756,-2.223,-25.32,2.0785,1.8321,-97.42999999999999
9,21,14,3.0,10,20,1.5,5,5,436,57.1,39.14,1.08,2.045,-2.514,-43.16,1.5084,391,51.7,-89.19,0.83,2.095,-2.711,-123.42,-0.8979,196,55.6,16.85,1.09,1.895,-2.18,-22.67,1.2063,1.8167999999999997,-33.199999999999996
9,21,7,3.0,10,14,1.5,6,3,78,60.3,23.6,1.3,2.16,-2.514,-18.75,2.4944,61,52.5,-3.46,0.95,2.28,-2.635,-27.21,-0.1784,31,48.4,-8.11,0.76,1.754,-2.151,-17.35,-0.5013,1.8147000000000002,12.030000000000001
13,34,14,2.0,10,20,1.2,5,3,494,56.7,46.01,1.09,2.084,-2.512,-59.28,1.2983,443,54.4,-45.08,0.92,2.108,-2.738,-96.46,-0.656,216,56.9,20.63,1.1,1.852,-2.227,-29.43,1.17,1.8123,21.56
9,21,7,3.0,10,14,1.5,6,5,77,59.7,22.43,1.29,2.182,-2.514,-18.75,2.336,60,53.3,-0.47,0.99,2.28,-2.623,-24.22,-0.0284,31,48.4,-8.11,0.76,1.754,-2.151,-17.35,-0.5013,1.8062999999999998,13.850000000000001
13,21,7,3.0,14,20,1.5,6,5,81,56.8,9.25,1.11,2.103,-2.5,-28.1,0.5509,61,59.0,13.71,1.2,2.257,-2.702,-16.23,1.5224,19,52.6,-2.88,0.86,1.708,-2.218,-12.74,-0.2741,1.7991999999999997,20.080000000000002
13,34,14,2.0,14,20,1.5,6,5,85,57.6,13.0,1.14,2.112,-2.513,-26.21,0.8614,59,59.3,15.07,1.23,2.304,-2.732,-21.56,1.3086,19,47.4,-6.27,0.72,1.799,-2.246,-16.27,-0.3857,1.7843,21.8
9,34,10,2.0,10,20,1.2,5,5,458,54.6,-11.15,0.98,2.032,-2.496,-64.54,-0.2574,420,53.6,-73.66,0.86,2.028,-2.718,-110.52,-0.8734,197,57.9,32.72,1.18,1.884,-2.193,-19.97,2.9071,1.7762999999999998,-52.09
13,34,14,3.0,10,14,1.5,6,3,79,59.5,24.29,1.3,2.228,-2.513,-24.81,1.9549,60,55.0,5.31,1.07,2.335,-2.658,-24.29,0.3493,32,46.9,-10.32,0.72,1.754,-2.155,-19.56,-0.5295,1.7747000000000002,19.279999999999998
9,21,10,3.0,10,20,1.5,5,5,438,56.6,24.82,1.05,2.021,-2.508,-44.44,0.9002,393,51.4,-95.15,0.82,2.093,-2.711,-135.47,-0.8617,196,56.6,20.71,1.11,1.857,-2.181,-19.78,1.7358,1.7743,-49.62000000000001
13,21,7,2.0,10,14,1.2,5,3,529,54.6,-7.29,0.99,2.068,-2.521,-82.6,-0.1332,471,53.5,-79.81,0.87,2.058,-2.733,-125.06,-0.8422,227,58.6,31.44,1.15,1.806,-2.22,-19.9,2.7451,1.7696999999999998,-55.66000000000001
9,34,14,2.0,14,20,1.5,6,5,85,57.6,13.3,1.15,2.118,-2.513,-26.21,0.8837,59,59.3,15.07,1.23,2.304,-2.732,-21.56,1.3086,20,45.0,-8.35,0.66,1.799,-2.231,-17.48,-0.4322,1.7601,20.020000000000003
9,34,7,3.0,14,20,1.5,6,5,82,57.3,13.34,1.15,2.146,-2.5,-28.1,0.8309,63,58.7,11.94,1.17,2.229,-2.712,-16.23,1.2871,20,50.0,-5.09,0.77,1.708,-2.218,-14.95,-0.3691,1.7489,20.19
13,21,14,3.0,10,14,1.2,4,5,629,56.4,6.19,1.01,1.973,-2.534,-93.97,0.1028,627,52.2,-164.26,0.8,2.027,-2.757,-199.46,-0.9992,286,58.7,31.71,1.12,1.751,-2.224,-20.42,2.6343,1.7379000000000002,-126.35999999999999
13,34,14,2.0,10,14,1.2,6,5,103,54.4,8.55,1.07,2.251,-2.5,-28.3,0.4831,69,59.4,17.21,1.23,2.266,-2.704,-17.96,1.7762,37,45.9,-13.42,0.69,1.791,-2.193,-24.99,-0.5231,1.7362000000000002,12.340000000000002
13,34,10,3.0,14,14,1.2,4,5,612,57.5,44.25,1.07,1.991,-2.526,-75.25,0.9756,619,51.2,-185.31,0.77,2.01,-2.724,-206.51,-1.0461,278,57.9,28.81,1.11,1.799,-2.229,-27.07,1.8,1.7295,-112.25
9,34,10,3.0,14,14,1.2,4,5,613,57.3,42.59,1.06,2.002,-2.52,-61.89,1.1337,625,51.8,-169.38,0.79,2.024,-2.741,-194.89,-1.0434,276,57.2,22.7,1.09,1.802,-2.22,-22.67,1.6392,1.7294999999999998,-104.08999999999999
9,34,10,3.0,14,14,1.2,5,5,472,56.4,34.83,1.07,2.048,-2.476,-49.86,1.1437,424,51.4,-116.94,0.79,2.012,-2.697,-148.24,-0.9367,206,57.3,20.36,1.1,1.824,-2.215,-22.31,1.5179,1.7248999999999999,-61.75
13,34,10,3.0,10,14,1.5,6,5,78,59.0,23.12,1.29,2.251,-2.513,-24.81,1.8341,60,55.0,5.52,1.08,2.335,-2.65,-21.3,0.4129,32,46.9,-10.32,0.72,1.754,-2.155,-19.56,-0.5295,1.7174999999999998,18.32
13,21,7,3.0,10,20,1.2,4,5,632,56.6,26.13,1.04,2.003,-2.522,-95.35,0.4409,622,52.4,-155.27,0.81,2.018,-2.747,-188.9,-1.0082,288,58.7,33.49,1.13,1.763,-2.223,-25.32,2.2743,1.7070000000000003,-95.65
13,34,14,3.0,14,20,1.2,6,3,113,55.8,8.22,1.07,2.11,-2.494,-28.53,0.4621,77,59.7,20.99,1.25,2.289,-2.72,-24.25,1.6587,31,48.4,-6.71,0.81,1.928,-2.226,-18.45,-0.4154,1.7054,22.5
13,34,10,3.0,14,20,1.5,4,3,717,55.2,-0.18,1.0,2.027,-2.501,-101.28,-0.0028,690,52.5,-119.91,0.87,2.158,-2.747,-141.01,-1.1161,325,56.9,35.12,1.11,1.881,-2.235,-20.9,2.7991,1.6802000000000001,-84.97
13,34,14,2.0,10,14,1.5,6,3,81,58.0,14.39,1.17,2.122,-2.511,-27.83,0.9215,62,58.1,14.83,1.21,2.342,-2.672,-21.34,1.2731,31,48.4,-8.99,0.74,1.749,-2.202,-18.23,-0.5167,1.6778999999999997,20.229999999999997
13,21,14,3.0,10,14,1.5,4,5,626,57.2,30.85,1.05,1.984,-2.535,-71.58,0.6985,616,51.9,-162.52,0.8,2.044,-2.759,-188.8,-1.0422,284,58.5,31.7,1.12,1.774,-2.227,-27.03,2.0081,1.6644,-99.97000000000001
9,21,7,2.0,14,14,1.5,5,5,463,56.6,25.07,1.05,2.002,-2.485,-51.51,0.785,411,54.0,-46.62,0.91,2.097,-2.709,-99.92,-0.6467,197,56.9,16.35,1.09,1.835,-2.226,-17.27,1.5253,1.6636000000000002,-5.199999999999996
13,34,14,3.0,14,20,1.5,4,3,715,55.4,10.44,1.01,2.042,-2.502,-103.54,0.1571,687,52.4,-116.95,0.87,2.173,-2.75,-148.29,-1.0387,326,57.1,34.8,1.11,1.876,-2.244,-22.86,2.5437,1.6621,-71.71000000000001
9,21,7,3.0,14,20,1.2,4,5,620,57.3,51.07,1.08,2.036,-2.535,-69.96,1.2179,627,52.6,-159.89,0.8,1.974,-2.732,-185.36,-1.0515,284,58.1,28.88,1.11,1.792,-2.242,-32.85,1.4947,1.6610999999999998,-79.94
9,34,14,3.0,14,14,1.5,5,5,439,56.3,37.97,1.08,2.077,-2.474,-52.48,1.1981,402,53.0,-73.15,0.86,2.06,-2.709,-107.63,-0.883,195,55.9,18.36,1.1,1.902,-2.198,-22.47,1.3384,1.6535,-16.820000000000007
13,21,7,2.0,10,20,1.5,6,3,84,59.5,22.24,1.26,2.146,-2.502,-18.23,2.3268,54,53.7,-4.89,0.93,2.159,-2.7,-25.76,-0.2605,27,51.9,-5.59,0.81,1.66,-2.218,-15.06,-0.4264,1.6399,11.759999999999998
13,21,7,3.0,14,20,1.2,5,5,471,56.3,28.52,1.06,2.049,-2.498,-51.09,0.9029,412,51.2,-108.34,0.8,2.056,-2.697,-135.2,-0.9624,206,57.8,26.98,1.14,1.821,-2.181,-27.65,1.6975,1.638,-52.84
9,34,14,3.0,10,14,1.2,6,3,104,55.8,21.06,1.18,2.341,-2.494,-19.46,1.8971,72,56.9,3.69,1.04,2.124,-2.69,-22.98,0.2524,37,45.9,-12.72,0.71,1.795,-2.161,-24.28,-0.5181,1.6314000000000002,12.03
13,21,7,2.0,10,20,1.5,6,5,83,59.0,21.07,1.25,2.166,-2.502,-18.23,2.1738,53,54.7,-1.9,0.97,2.159,-2.688,-22.77,-0.1201,27,51.9,-5.59,0.81,1.66,-2.218,-15.06,-0.4264,1.6273,13.580000000000002
9,34,7,3.0,14,14,1.2,5,5,471,56.7,36.25,1.07,2.033,-2.483,-50.05,1.1922,424,51.4,-120.17,0.78,2.002,-2.702,-144.63,-0.9796,208,57.2,19.07,1.1,1.816,-2.214,-22.31,1.4105,1.6231,-64.85
9,21,14,3.0,14,20,1.2,5,3,513,56.1,32.81,1.06,2.087,-2.526,-33.28,1.581,454,50.0,-125.48,0.8,2.159,-2.712,-149.89,-0.9931,228,56.6,17.81,1.08,1.834,-2.21,-28.47,1.0231,1.6109999999999998,-74.86
9,21,7,2.0,10,14,1.2,4,5,633,58.0,62.25,1.09,2.003,-2.53,-44.99,2.336,634,52.5,-137.58,0.84,2.1,-2.781,-169.03,-1.0313,312,56.1,7.46,1.02,1.781,-2.221,-38.14,0.3048,1.6094999999999997,-67.87000000000002
9,21,14,3.0,10,14,1.2,6,3,102,55.9,16.81,1.15,2.264,-2.494,-16.97,1.677,70,57.1,5.58,1.07,2.15,-2.681,-21.09,0.4241,36,47.2,-10.5,0.74,1.795,-2.159,-22.07,-0.4987,1.6024000000000003,11.89
9,34,10,3.0,10,20,1.5,4,5,620,56.6,26.11,1.04,2.012,-2.528,-58.22,0.7169,620,51.6,-164.15,0.8,2.066,-2.751,-194.83,-1.018,286,58.4,30.86,1.12,1.758,-2.208,-27.78,1.8981,1.597,-107.18000000000002
9,21,14,3.0,14,20,1.2,4,5,619,57.2,39.36,1.06,2.008,-2.534,-67.44,0.957,626,53.4,-143.31,0.82,1.963,-2.736,-171.71,-1.0442,282,57.4,29.34,1.11,1.835,-2.233,-29.45,1.6836,1.5964,-74.61
13,21,14,3.0,10,14,1.2,6,3,103,55.3,16.52,1.14,2.303,-2.494,-19.46,1.4343,72,58.3,7.88,1.1,2.103,-2.681,-19.92,0.6548,36,47.2,-10.5,0.74,1.795,-2.159,-22.07,-0.4987,1.5904000000000003,13.899999999999999
13,34,10,3.0,10,14,1.5,6,3,79,59.5,24.29,1.3,2.228,-2.513,-24.81,1.9549,61,54.1,2.53,1.03,2.335,-2.662,-24.29,0.1593,32,46.9,-10.32,0.72,1.754,-2.155,-19.56,-0.5295,1.5847000000000002,16.5
13,21,14,3.0,10,20,1.2,5,3,509,56.0,36.66,1.07,2.102,-2.511,-57.94,1.0333,452,50.7,-113.32,0.81,2.15,-2.716,-139.74,-0.9861,228,57.9,25.17,1.12,1.798,-2.21,-28.04,1.5313,1.5785000000000002,-51.489999999999995
9,21,10,2.0,14,14,1.5,5,5,464,56.0,18.7,1.04,2.016,-2.478,-59.61,0.4991,413,54.0,-48.81,0.91,2.087,-2.706,-110.88,-0.6081,198,57.1,19.04,1.1,1.842,-2.224,-18.54,1.6848,1.5758,-11.070000000000004
9,34,7,3.0,14,14,1.5,4,5,614,57.7,48.68,1.07,1.987,-2.518,-64.46,1.2597,610,52.1,-154.32,0.81,2.031,-2.741,-172.01,-1.0953,277,57.4,25.78,1.1,1.812,-2.224,-30.64,1.4082,1.5726,-79.85999999999999
9,34,14,3.0,10,14,1.5,6,5,78,59.0,23.12,1.29,2.251,-2.513,-24.81,1.8341,58,55.2,3.96,1.06,2.273,-2.645,-23.66,0.2634,32,46.9,-10.32,0.72,1.754,-2.155,-19.56,-0.5295,1.568,16.76
9,34,14,2.0,14,20,1.5,6,3,86,57.0,10.87,1.12,2.118,-2.511,-26.21,0.7001,59,59.3,15.07,1.23,2.304,-2.732,-21.56,1.3086,21,42.9,-10.75,0.6,1.799,-2.244,-19.88,-0.4419,1.5668000000000002,15.189999999999998
9,21,14,3.0,10,14,1.5,5,5,438,56.2,33.3,1.07,2.082,-2.495,-49.74,1.0963,404,50.2,-115.32,0.79,2.119,-2.714,-150.57,-0.9015,199,56.3,17.74,1.09,1.853,-2.181,-21.11,1.3714,1.5662,-64.28
13,21,7,2.0,10,14,1.5,4,5,625,57.3,52.02,1.08,2.023,-2.518,-54.31,1.5938,618,53.6,-107.19,0.87,2.079,-2.771,-126.22,-1.1195,302,56.6,18.21,1.06,1.812,-2.226,-27.08,1.0792,1.5535,-36.959999999999994
9,21,14,3.0,10,14,1.2,4,5,624,58.0,48.23,1.07,1.974,-2.543,-49.35,1.6233,632,52.4,-158.44,0.81,2.019,-2.747,-199.26,-0.9745,292,57.2,16.43,1.06,1.775,-2.24,-29.3,0.9023,1.5511,-93.78
13,21,14,3.0,10,14,1.5,6,5,77,58.4,18.58,1.23,2.2,-2.513,-24.81,1.4045,58,56.9,8.15,1.12,2.242,-2.633,-21.3,0.6443,31,48.4,-8.11,0.76,1.754,-2.151,-17.35,-0.5013,1.5474999999999999,18.619999999999997
9,21,7,3.0,10,14,1.5,5,5,443,56.2,16.04,1.03,2.012,-2.5,-56.66,0.4488,407,49.4,-135.25,0.76,2.113,-2.718,-164.39,-0.9266,201,57.2,23.17,1.12,1.828,-2.175,-19.26,2.0206,1.5428,-96.04
13,21,7,3.0,14,20,1.5,6,3,82,56.1,6.81,1.08,2.103,-2.498,-28.1,0.3932,61,59.0,13.71,1.2,2.257,-2.702,-16.23,1.5224,20,50.0,-5.28,0.76,1.708,-2.236,-15.13,-0.3748,1.5408,15.239999999999998
9,21,14,3.0,10,14,1.5,6,5,76,59.2,18.88,1.24,2.151,-2.514,-22.31,1.6017,56,55.4,5.84,1.09,2.312,-2.633,-21.73,0.4348,31,48.4,-8.11,0.76,1.754,-2.151,-17.35,-0.5013,1.5351999999999997,16.61
9,34,14,2.0,10,20,1.2,6,5,100,56.0,5.06,1.05,2.086,-2.54,-20.89,0.377,70,58.6,16.64,1.21,2.327,-2.716,-17.96,1.6858,35,45.7,-14.42,0.65,1.694,-2.185,-23.66,-0.5561,1.5067000000000002,7.279999999999999
13,21,10,3.0,14,14,1.2,5,5,475,56.8,43.77,1.09,2.049,-2.486,-50.45,1.4488,426,50.7,-126.04,0.78,2.033,-2.691,-158.15,-0.9273,208,56.7,17.06,1.09,1.827,-2.206,-28.71,0.9773,1.4988000000000001,-65.21000000000001
9,21,14,3.0,10,20,1.5,5,3,474,57.0,48.2,1.09,2.09,-2.53,-42.64,1.8956,429,50.8,-104.58,0.82,2.137,-2.704,-132.27,-0.9665,218,56.0,12.97,1.06,1.841,-2.204,-37.01,0.5649,1.4939999999999998,-43.41
9,21,7,2.0,10,14,1.5,5,5,460,55.4,3.74,1.01,2.027,-2.503,-59.15,0.0973,421,53.7,-66.99,0.87,2.049,-2.718,-117.28,-0.7604,197,57.9,21.85,1.12,1.786,-2.19,-16.99,2.1481,1.4849999999999999,-41.39999999999999
9,34,14,3.0,10,14,1.5,6,3,79,59.5,24.29,1.3,2.228,-2.513,-24.81,1.9549,59,54.2,0.97,1.01,2.273,-2.658,-26.65,0.055,32,46.9,-10.32,0.72,1.754,-2.155,-19.56,-0.5295,1.4804,14.939999999999998
9,21,10,2.0,10,14,1.2,5,5,487,55.4,7.04,1.01,2.042,-2.508,-60.96,0.179,456,52.6,-114.97,0.8,1.968,-2.719,-152.12,-0.9217,209,56.9,26.5,1.13,1.877,-2.187,-20.23,2.223,1.4803,-81.42999999999999
13,21,14,2.0,14,14,1.2,5,5,473,55.2,8.63,1.02,2.054,-2.488,-57.4,0.2329,436,53.9,-76.24,0.86,1.986,-2.702,-140.46,-0.713,204,57.4,24.94,1.13,1.87,-2.229,-21.61,1.9585,1.4784,-42.67
13,21,10,2.0,10,14,1.2,5,5,477,53.9,-20.31,0.96,2.068,-2.508,-82.81,-0.3591,445,53.0,-103.38,0.82,1.966,-2.715,-143.96,-0.8925,204,57.8,32.72,1.17,1.873,-2.189,-21.21,2.7298,1.4782000000000002,-90.97
13,34,7,3.0,14,20,1.5,4,3,719,54.9,-15.29,0.98,2.01,-2.497,-114.78,-0.2007,687,51.8,-138.75,0.85,2.161,-2.743,-159.85,-1.1095,328,57.3,36.1,1.12,1.856,-2.235,-21.73,2.7868,1.4766,-117.94
13,34,7,2.0,10,20,1.5,6,5,80,58.8,18.69,1.23,2.153,-2.5,-18.23,1.8923,49,55.1,0.87,1.01,2.233,-2.701,-21.1,0.0623,28,50.0,-8.08,0.74,1.66,-2.238,-17.55,-0.4851,1.4695,11.480000000000002
13,34,14,2.0,14,14,1.5,5,3,463,55.7,17.56,1.03,2.056,-2.502,-61.48,0.4527,414,53.4,-42.79,0.92,2.169,-2.705,-120.89,-0.4943,204,56.9,16.53,1.08,1.849,-2.25,-17.6,1.5104,1.4687999999999999,-8.7
13,21,10,2.0,14,20,1.5,5,5,446,54.0,-22.79,0.96,2.028,-2.496,-75.61,-0.4379,399,54.9,-34.01,0.93,2.05,-2.684,-108.97,-0.4452,187,57.2,27.55,1.16,1.917,-2.22,-20.35,2.3443,1.4612,-29.249999999999996
13,21,14,3.0,14,14,1.5,5,5,442,56.8,43.58,1.09,2.059,-2.477,-53.02,1.3812,404,52.0,-86.12,0.84,2.086,-2.702,-122.66,-0.8846,195,55.4,16.06,1.08,1.915,-2.193,-27.07,0.9635,1.4601,-26.480000000000008
9,34,14,2.0,10,14,1.5,6,5,80,57.5,13.22,1.15,2.143,-2.511,-27.83,0.8339,62,58.1,12.21,1.18,2.251,-2.648,-18.9,1.1419,31,48.4,-8.99,0.74,1.749,-2.202,-18.23,-0.5167,1.4590999999999998,16.439999999999998
13,21,10,2.0,14,20,1.2,5,5,474,54.0,-11.55,0.98,2.077,-2.492,-65.14,-0.2633,419,54.7,-51.75,0.9,2.007,-2.691,-113.33,-0.6292,199,57.8,28.29,1.15,1.863,-2.214,-20.89,2.3493,1.4567999999999999,-35.01
13,34,7,3.0,10,14,1.5,4,5,624,56.9,26.82,1.04,1.991,-2.528,-100.92,0.4292,618,51.8,-155.24,0.81,2.052,-2.725,-173.88,-1.0897,285,58.9,34.87,1.13,1.762,-2.232,-28.81,2.1077,1.4472,-93.55000000000001
9,21,7,3.0,10,20,1.5,5,5,438,57.1,20.94,1.04,1.975,-2.514,-42.83,0.7837,393,51.4,-97.26,0.81,2.083,-2.712,-130.84,-0.9073,197,56.3,21.31,1.11,1.876,-2.174,-22.74,1.5637,1.4401000000000002,-55.010000000000005
9,34,10,3.0,10,14,1.2,6,3,104,55.8,21.06,1.18,2.341,-2.494,-19.46,1.8971,73,56.2,0.92,1.01,2.124,-2.693,-22.98,0.0603,37,45.9,-12.72,0.71,1.795,-2.161,-24.28,-0.5181,1.4393,9.26
13,34,7,3.0,14,20,1.5,6,5,82,57.3,13.04,1.15,2.139,-2.5,-28.1,0.8099,65,58.5,10.73,1.15,2.202,-2.701,-18.65,0.9925,20,50.0,-5.09,0.77,1.708,-2.218,-14.95,-0.3691,1.4333,18.68
13,21,7,3.0,14,14,1.5,4,5,619,56.9,35.02,1.05,2.011,-2.52,-77.25,0.7385,619,52.5,-161.38,0.8,1.977,-2.734,-179.35,-1.0907,277,58.5,35.38,1.14,1.813,-2.246,-34.73,1.7843,1.4321000000000002,-90.97999999999999
13,34,7,2.0,10,20,1.5,6,3,81,59.3,19.86,1.24,2.133,-2.5,-18.23,2.0404,50,54.0,-2.11,0.97,2.233,-2.713,-24.09,-0.1253,28,50.0,-8.08,0.74,1.66,-2.238,-17.55,-0.4851,1.4300000000000002,9.67
13,21,14,3.0,14,20,1.2,6,3,109,55.0,-5.09,0.96,1.952,-2.494,-30.57,-0.2397,71,60.6,20.78,1.27,2.249,-2.711,-19.04,2.1203,31,48.4,-6.58,0.81,1.928,-2.218,-16.24,-0.4614,1.4191999999999998,9.110000000000001
9,21,7,3.0,14,14,1.2,4,5,615,57.4,54.34,1.08,2.034,-2.533,-57.57,1.5799,635,52.0,-178.71,0.79,1.989,-2.738,-205.17,-1.0354,284,57.4,19.16,1.07,1.788,-2.251,-36.03,0.8718,1.4163000000000001,-105.21000000000001
9,21,7,3.0,10,14,1.2,4,5,628,57.5,41.96,1.06,1.994,-2.54,-63.93,1.0807,638,51.7,-176.17,0.79,2.027,-2.744,-211.49,-0.9957,291,58.4,24.75,1.09,1.749,-2.252,-31.37,1.3212,1.4062,-109.45999999999998
9,21,14,3.0,10,14,1.5,6,3,77,59.7,20.05,1.26,2.13,-2.514,-22.31,1.7272,57,54.4,2.86,1.04,2.312,-2.647,-24.72,0.1786,31,48.4,-8.11,0.76,1.754,-2.151,-17.35,-0.5013,1.4045,14.8
13,21,14,2.0,10,14,1.2,6,5,106,54.7,8.02,1.07,2.208,-2.501,-28.3,0.4517,74,59.5,14.64,1.18,2.169,-2.693,-18.27,1.4307,37,48.6,-10.07,0.76,1.739,-2.177,-22.5,-0.4821,1.4003,12.59
13,21,7,2.0,10,14,1.5,5,5,452,54.0,-23.59,0.95,2.035,-2.501,-85.24,-0.4021,412,53.9,-60.68,0.88,2.056,-2.721,-107.66,-0.7585,192,58.3,26.8,1.15,1.804,-2.191,-18.1,2.5606,1.4,-57.47
13,21,7,3.0,10,14,1.2,4,5,633,55.6,-5.87,0.99,2.001,-2.527,-117.14,-0.0767,633,51.5,-186.76,0.78,2.014,-2.747,-216.61,-1.0123,286,59.1,32.03,1.12,1.736,-2.234,-22.09,2.4768,1.3878,-160.6
9,21,10,3.0,10,20,1.2,5,3,513,56.5,36.17,1.06,2.061,-2.517,-45.19,1.3048,454,50.2,-123.43,0.8,2.161,-2.726,-151.12,-0.9747,229,57.6,17.79,1.08,1.761,-2.213,-27.71,1.0576,1.3877000000000002,-69.47
9,21,10,3.0,10,14,1.2,6,3,102,55.9,16.81,1.15,2.264,-2.494,-16.97,1.677,71,56.3,2.8,1.03,2.15,-2.684,-21.09,0.2047,36,47.2,-10.5,0.74,1.795,-2.159,-22.07,-0.4987,1.383,9.11
9,34,10,3.0,10,14,1.5,6,5,78,59.0,23.12,1.29,2.251,-2.513,-24.81,1.8341,59,54.2,1.18,1.02,2.273,-2.65,-23.66,0.0751,32,46.9,-10.32,0.72,1.754,-2.155,-19.56,-0.5295,1.3797000000000001,13.98
9,34,7,2.0,10,20,1.5,6,5,80,58.8,18.69,1.23,2.153,-2.5,-18.23,1.8923,51,54.9,-0.4,0.99,2.192,-2.685,-20.03,-0.029,28,50.0,-8.08,0.74,1.66,-2.238,-17.55,-0.4851,1.3782,10.210000000000003
13,21,7,2.0,14,14,1.5,5,5,454,55.5,11.73,1.02,2.039,-2.485,-62.74,0.2928,404,54.2,-40.32,0.92,2.101,-2.705,-100.46,-0.5635,190,56.8,17.41,1.1,1.855,-2.231,-17.29,1.635,1.3643,-11.18
13,21,14,3.0,10,14,1.5,6,3,78,59.0,19.75,1.25,2.178,-2.513,-24.81,1.5156,59,55.9,5.16,1.08,2.242,-2.647,-24.29,0.3422,31,48.4,-8.11,0.76,1.754,-2.151,-17.35,-0.5013,1.3565,16.8
9,21,7,3.0,14,20,1.5,6,5,81,56.8,7.05,1.08,2.055,-2.5,-28.1,0.4102,59,57.6,11.4,1.17,2.322,-2.702,-16.23,1.2197,19,52.6,-2.88,0.86,1.708,-2.218,-12.74,-0.2741,1.3558000000000001,15.57
13,34,10,2.0,10,14,1.5,6,5,79,57.0,9.63,1.11,2.111,-2.511,-27.83,0.5835,60,58.3,12.8,1.19,2.266,-2.66,-18.36,1.2485,30,50.0,-7.29,0.78,1.749,-2.235,-16.75,-0.482,1.3499999999999999,15.14
9,34,7,2.0,10,20,1.5,6,3,81,59.3,19.86,1.24,2.133,-2.5,-18.23,2.0404,52,53.8,-3.38,0.95,2.192,-2.698,-23.02,-0.2054,28,50.0,-8.08,0.74,1.66,-2.238,-17.55,-0.4851,1.3498999999999999,8.4
13,21,10,3.0,10,14,1.2,6,3,103,55.3,16.52,1.14,2.303,-2.494,-19.46,1.4343,73,57.5,5.1,1.06,2.103,-2.684,-19.92,0.4079,36,47.2,-10.5,0.74,1.795,-2.159,-22.07,-0.4987,1.3435,11.119999999999997
9,34,7,2.0,10,14,1.5,5,3,486,54.5,-3.21,0.99,2.082,-2.511,-82.14,-0.0593,433,53.6,-55.23,0.9,2.13,-2.733,-112.32,-0.6733,206,58.3,24.49,1.13,1.803,-2.231,-20.08,2.0732,1.3405999999999998,-33.95
9,21,10,2.0,10,20,1.2,5,5,480,55.4,8.71,1.02,2.048,-2.504,-60.37,0.2243,436,53.4,-83.97,0.85,2.004,-2.714,-125.8,-0.8612,206,57.3,25.47,1.13,1.846,-2.186,-21.96,1.9759,1.339,-49.78999999999999
13,34,7,2.0,10,20,1.2,4,5,628,55.9,36.69,1.05,2.096,-2.523,-90.77,0.6559,610,53.0,-125.11,0.84,2.067,-2.763,-141.16,-1.1337,301,58.5,31.74,1.11,1.761,-2.226,-29.91,1.8127,1.3349000000000002,-56.68000000000001
9,34,10,3.0,10,14,1.5,6,3,79,59.5,24.29,1.3,2.228,-2.513,-24.81,1.9549,60,53.3,-1.81,0.98,2.273,-2.662,-26.65,-0.0977,32,46.9,-10.32,0.72,1.754,-2.155,-19.56,-0.5295,1.3277,12.16
9,34,7,3.0,14,20,1.5,6,3,84,56.0,8.4,1.09,2.146,-2.498,-30.61,0.4521,63,58.7,11.94,1.17,2.229,-2.712,-16.23,1.2871,21,47.6,-7.49,0.7,1.708,-2.234,-17.34,-0.419,1.3201999999999998,12.85
9,34,14,2.0,10,14,1.5,5,5,438,53.7,-21.87,0.96,2.054,-2.485,-86.97,-0.3655,413,53.8,-70.06,0.87,2.025,-2.72,-120.41,-0.7676,190,58.4,30.01,1.17,1.846,-2.214,-21.71,2.4524,1.3193,-61.92
9,21,10,3.0,10,14,1.5,6,5,76,59.2,18.88,1.24,2.151,-2.514,-22.31,1.6017,57,54.4,3.07,1.04,2.312,-2.639,-21.73,0.2175,31,48.4,-8.11,0.76,1.754,-2.151,-17.35,-0.5013,1.3178999999999998,13.84
13,21,14,2.0,10,20,1.2,6,5,103,56.3,4.53,1.04,2.049,-2.54,-20.89,0.3364,74,59.5,19.35,1.24,2.308,-2.74,-23.99,1.5251,34,47.1,-11.93,0.69,1.694,-2.168,-21.17,-0.5494,1.3121,11.950000000000003
13,21,10,3.0,10,14,1.5,6,5,77,58.4,18.58,1.23,2.2,-2.513,-24.81,1.4045,59,55.9,5.37,1.08,2.242,-2.639,-21.3,0.405,31,48.4,-8.11,0.76,1.754,-2.151,-17.35,-0.5013,1.3082000000000003,15.84
13,21,7,3.0,14,14,1.2,5,5,477,57.0,44.56,1.09,2.044,-2.495,-48.28,1.5436,426,51.2,-121.71,0.78,2.015,-2.697,-147.08,-0.9729,210,56.2,12.99,1.06,1.828,-2.203,-28.71,0.7269,1.2976,-64.16
9,34,14,2.0,10,20,1.2,5,5,452,55.8,17.84,1.04,2.053,-2.497,-48.52,0.5812,419,54.2,-69.03,0.87,1.999,-2.723,-103.52,-0.8839,198,57.1,22.97,1.12,1.866,-2.21,-24.35,1.5974,1.2947,-28.22
9,21,14,2.0,14,20,1.5,5,5,451,55.2,-3.35,0.99,2.011,-2.496,-50.01,-0.1012,406,55.2,-36.07,0.93,2.027,-2.693,-102.81,-0.4996,195,56.9,21.76,1.12,1.876,-2.22,-19.16,1.8917,1.2909,-17.66
9,34,14,3.0,14,20,1.2,6,3,112,55.4,1.03,1.01,2.028,-2.494,-28.53,0.0548,74,59.5,17.95,1.22,2.267,-2.727,-19.04,1.742,32,46.9,-8.79,0.77,1.928,-2.218,-18.45,-0.5091,1.2877,10.190000000000001
9,21,14,2.0,14,14,1.2,5,5,483,55.9,16.21,1.03,2.021,-2.486,-53.58,0.4772,445,53.9,-79.83,0.86,1.978,-2.705,-136.13,-0.7671,211,56.4,19.47,1.1,1.882,-2.223,-20.15,1.5774,1.2874999999999999,-44.15
9,34,7,3.0,10,20,1.2,5,3,510,55.5,13.4,1.02,2.056,-2.505,-66.45,0.3163,451,50.3,-124.16,0.8,2.142,-2.724,-141.0,-1.0471,228,58.8,26.6,1.13,1.749,-2.211,-22.82,1.9998,1.2690000000000001,-84.16
13,34,10,3.0,14,20,1.2,6,3,114,55.3,5.57,1.04,2.11,-2.497,-31.19,0.2804,78,59.0,18.32,1.21,2.289,-2.718,-24.25,1.397,31,48.4,-6.71,0.81,1.928,-2.226,-18.45,-0.4154,1.262,17.18
13,34,10,3.0,10,14,1.5,4,5,620,56.5,16.3,1.02,2.001,-2.533,-97.02,0.2664,617,52.0,-143.64,0.82,2.07,-2.73,-162.28,-1.0996,284,59.2,34.58,1.13,1.746,-2.23,-28.81,2.0929,1.2597000000000003,-92.75999999999999
13,34,14,3.0,14,20,1.2,6,5,109,56.9,11.38,1.1,2.078,-2.499,-23.72,0.792,75,58.7,13.65,1.16,2.226,-2.72,-30.65,0.7953,30,50.0,-4.31,0.87,1.928,-2.215,-16.06,-0.3302,1.2570999999999999,20.720000000000002
13,34,7,3.0,14,20,1.5,6,3,85,56.5,12.19,1.13,2.18,-2.498,-30.61,0.683,65,58.5,10.73,1.15,2.202,-2.701,-18.65,0.9925,21,47.6,-7.49,0.7,1.708,-2.234,-17.34,-0.419,1.2565,15.430000000000001
9,21,14,3.0,10,14,1.5,5,3,476,56.3,50.39,1.1,2.142,-2.517,-47.21,1.7911,438,50.2,-111.64,0.81,2.179,-2.711,-138.84,-0.9728,217,55.8,9.13,1.04,1.833,-2.215,-33.07,0.4353,1.2536,-52.12
13,34,10,3.0,10,14,1.2,4,5,620,56.1,11.94,1.02,2.012,-2.53,-99.34,0.189,628,50.6,-190.29,0.78,2.064,-2.731,-216.07,-1.0237,286,59.1,31.16,1.12,1.727,-2.229,-25.62,2.0852,1.2505,-147.19
9,21,14,3.0,14,14,1.5,5,3,478,56.7,53.52,1.1,2.114,-2.509,-39.36,2.2921,438,50.7,-105.49,0.82,2.164,-2.713,-132.75,-0.9745,221,54.3,-2.07,0.99,1.851,-2.22,-37.56,-0.0822,1.2354,-54.03999999999999
9,21,10,3.0,10,14,1.5,6,3,77,59.7,20.05,1.26,2.13,-2.514,-22.31,1.7272,58,53.4,0.08,1.0,2.312,-2.652,-24.72,0.0047,31,48.4,-8.11,0.76,1.754,-2.151,-17.35,-0.5013,1.2306,12.02
9,34,7,3.0,10,20,1.2,4,5,629,56.9,31.16,1.05,1.991,-2.516,-79.01,0.6391,622,51.1,-160.94,0.81,2.113,-2.739,-189.61,-1.0294,289,57.8,26.61,1.1,1.769,-2.203,-27.48,1.6204,1.2301,-103.17
9,21,14,3.0,14,14,1.2,4,5,613,57.4,46.62,1.07,2.011,-2.534,-59.47,1.2992,632,53.0,-155.61,0.81,1.97,-2.746,-184.78,-1.037,282,56.4,16.34,1.06,1.838,-2.243,-27.09,0.9637,1.2259,-92.65
13,21,7,3.0,10,20,1.2,5,3,519,56.1,30.29,1.05,2.074,-2.514,-64.44,0.7604,453,49.9,-131.01,0.79,2.155,-2.722,-151.29,-1.0161,230,58.3,22.84,1.11,1.752,-2.207,-26.32,1.4658,1.2101,-77.88
13,34,14,2.0,10,20,1.2,6,3,102,55.9,3.92,1.03,2.07,-2.535,-23.2,0.2613,71,57.7,16.85,1.21,2.406,-2.727,-20.49,1.4918,34,44.1,-15.28,0.63,1.749,-2.185,-24.52,-0.5453,1.2077999999999998,5.490000000000004
9,21,7,2.0,10,20,1.5,6,3,84,59.5,20.04,1.24,2.102,-2.502,-18.23,2.0535,59,52.5,-9.75,0.87,2.113,-2.687,-29.33,-0.4269,27,51.9,-5.59,0.81,1.66,-2.218,-15.06,-0.4264,1.2002000000000002,4.699999999999999
13,21,7,2.0,10,20,1.2,4,5,631,57.5,56.83,1.08,2.021,-2.526,-54.79,1.7392,625,52.2,-156.63,0.81,2.062,-2.772,-179.3,-1.072,313,56.2,9.89,1.03,1.776,-2.21,-30.02,0.5144,1.1816,-89.91
9,34,10,3.0,10,20,1.2,4,5,625,56.3,15.06,1.02,1.996,-2.519,-74.8,0.3173,622,51.3,-152.61,0.82,2.125,-2.74,-186.97,-1.0025,287,58.2,30.07,1.11,1.762,-2.202,-27.48,1.8604,1.1752000000000002,-107.48000000000002
9,34,10,2.0,10,14,1.5,5,3,491,54.0,-16.75,0.97,2.074,-2.506,-91.52,-0.2705,442,53.4,-56.96,0.9,2.138,-2.726,-120.44,-0.6466,206,58.3,26.31,1.14,1.82,-2.233,-21.63,2.0915,1.1743999999999999,-47.400000000000006
9,21,10,3.0,14,14,1.2,4,5,614,57.2,42.99,1.06,2.021,-2.533,-61.37,1.1531,633,53.1,-144.73,0.82,1.992,-2.741,-181.91,-0.9959,281,56.6,15.84,1.06,1.823,-2.246,-25.0,1.0093,1.1665,-85.89999999999998
13,21,10,3.0,10,14,1.5,6,3,78,59.0,19.75,1.25,2.178,-2.513,-24.81,1.5156,60,55.0,2.38,1.03,2.242,-2.652,-24.29,0.151,31,48.4,-8.11,0.76,1.754,-2.151,-17.35,-0.5013,1.1653000000000002,14.02
9,34,7,3.0,14,14,1.5,4,3,724,54.8,-18.44,0.98,2.015,-2.503,-117.29,-0.2359,701,51.5,-160.08,0.83,2.153,-2.756,-193.54,-1.0337,330,57.3,29.76,1.09,1.823,-2.232,-20.18,2.4191,1.1494999999999997,-148.76000000000002
13,34,10,2.0,14,20,1.5,6,3,86,57.0,11.07,1.12,2.122,-2.511,-26.21,0.7147,58,58.6,10.05,1.15,2.224,-2.732,-21.56,0.8149,19,47.4,-6.03,0.73,1.799,-2.222,-16.03,-0.3802,1.1494,15.09
9,34,14,2.0,10,14,1.2,6,5,103,54.4,8.55,1.07,2.251,-2.5,-28.3,0.4831,71,59.2,12.82,1.16,2.164,-2.691,-19.25,1.1736,38,47.4,-12.56,0.71,1.739,-2.193,-24.99,-0.5084,1.1482999999999999,8.81
9,21,7,2.0,10,20,1.5,6,5,83,59.0,18.87,1.22,2.121,-2.502,-18.23,1.9063,58,53.4,-6.76,0.91,2.113,-2.676,-26.34,-0.3441,27,51.9,-5.59,0.81,1.66,-2.218,-15.06,-0.4264,1.1358000000000001,6.520000000000001
9,34,14,3.0,10,20,1.2,5,3,507,55.4,21.11,1.04,2.086,-2.501,-60.7,0.5516,450,51.3,-104.21,0.83,2.133,-2.725,-127.28,-1.0147,225,57.8,25.19,1.12,1.809,-2.211,-26.85,1.5983,1.1352000000000002,-57.91
9,34,14,2.0,10,14,1.5,6,3,81,58.0,14.39,1.17,2.122,-2.511,-27.83,0.9215,63,57.1,9.23,1.13,2.251,-2.66,-21.89,0.7147,31,48.4,-8.99,0.74,1.749,-2.202,-18.23,-0.5167,1.1195,14.63
13,21,14,2.0,10,14,1.5,6,5,82,57.3,11.72,1.13,2.12,-2.512,-27.83,0.725,64,57.8,10.71,1.15,2.224,-2.651,-21.65,0.8577,30,50.0,-6.5,0.8,1.749,-2.183,-15.74,-0.4668,1.1159,15.93
9,21,10,2.0,10,14,1.2,4,5,635,57.8,54.47,1.08,1.999,-2.535,-41.07,2.2065,636,52.2,-150.98,0.82,2.091,-2.78,-177.99,-1.0545,310,55.2,-1.2,1.0,1.799,-2.222,-48.35,-0.0377,1.1143,-97.71
13,21,10,3.0,10,20,1.2,5,3,517,55.9,25.0,1.04,2.066,-2.509,-66.93,0.5989,453,50.1,-124.11,0.8,2.16,-2.719,-151.14,-0.9772,228,58.3,21.63,1.1,1.742,-2.211,-24.32,1.4922,1.1139000000000001,-77.48
9,21,10,2.0,10,14,1.2,5,3,542,55.5,9.7,1.02,2.048,-2.517,-65.56,0.2304,495,52.7,-100.52,0.84,2.064,-2.732,-137.45,-0.9345,237,57.4,23.29,1.1,1.817,-2.216,-21.28,1.8163,1.1122,-67.53
9,21,14,2.0,10,14,1.2,4,5,635,57.8,54.56,1.08,2.0,-2.535,-40.9,2.2197,637,52.7,-141.8,0.83,2.072,-2.784,-159.54,-1.1209,311,55.0,0.43,1.0,1.815,-2.214,-50.83,0.0128,1.1116,-86.81
13,34,10,2.0,14,20,1.5,6,5,84,57.1,9.41,1.1,2.081,-2.513,-26.21,0.6002,58,58.6,10.05,1.15,2.224,-2.732,-21.56,0.8149,18,50.0,-3.64,0.82,1.799,-2.203,-13.63,-0.3043,1.1107999999999998,15.82
13,34,7,3.0,14,20,1.5,5,3,463,55.5,7.07,1.01,2.056,-2.531,-52.25,0.2092,421,51.1,-95.83,0.83,2.153,-2.713,-119.34,-0.9967,208,58.2,30.21,1.16,1.842,-2.215,-28.17,1.8946,1.1071,-58.54999999999999
9,21,14,2.0,10,20,1.2,4,5,633,58.0,60.59,1.09,2.002,-2.535,-41.69,2.4438,629,53.3,-134.06,0.84,2.055,-2.797,-149.4,-1.1434,317,54.3,-5.55,0.98,1.824,-2.202,-42.35,-0.1939,1.1065,-79.02
9,21,7,3.0,14,20,1.5,6,3,82,56.1,4.61,1.05,2.055,-2.498,-28.1,0.2601,59,57.6,11.4,1.17,2.322,-2.702,-16.23,1.2197,20,50.0,-5.28,0.76,1.708,-2.236,-15.13,-0.3748,1.105,10.73
9,34,7,3.0,14,14,1.2,4,5,617,57.2,41.63,1.06,2.001,-2.518,-71.19,0.9634,623,51.0,-193.71,0.77,2.022,-2.744,-215.73,-1.0375,279,57.3,20.76,1.08,1.783,-2.223,-29.0,1.1743,1.1001999999999998,-131.32000000000002
13,34,7,2.0,10,14,1.5,4,5,621,56.0,37.86,1.06,2.083,-2.517,-81.54,0.7552,604,53.8,-94.46,0.88,2.08,-2.761,-108.99,-1.159,292,57.9,27.77,1.1,1.8,-2.248,-31.43,1.4877,1.0838999999999999,-28.829999999999995
9,21,10,2.0,10,20,1.5,5,5,460,54.3,-20.77,0.96,2.024,-2.509,-67.33,-0.4507,412,55.1,-46.17,0.91,2.006,-2.711,-102.47,-0.6284,197,57.4,24.89,1.14,1.844,-2.184,-19.87,2.132,1.0529000000000002,-42.05
9,34,7,2.0,10,20,1.5,5,3,481,54.7,-8.71,0.98,2.06,-2.525,-75.29,-0.1738,426,53.8,-53.38,0.9,2.124,-2.74,-107.67,-0.6805,209,57.9,25.64,1.13,1.826,-2.219,-23.08,1.9016,1.0473,-36.45
9,34,10,2.0,14,20,1.5,6,5,84,57.1,9.71,1.11,2.087,-2.513,-26.21,0.6211,58,58.6,10.05,1.15,2.224,-2.732,-21.56,0.8149,19,47.4,-5.72,0.74,1.799,-2.191,-14.85,-0.3929,1.0431,14.040000000000003
13,21,14,3.0,10,20,1.5,5,3,477,56.4,33.06,1.06,2.074,-2.524,-51.52,1.0463,429,51.3,-91.12,0.84,2.152,-2.701,-118.55,-0.9669,214,56.5,18.74,1.09,1.85,-2.206,-32.52,0.9554,1.0348000000000002,-39.32000000000001
9,21,7,2.0,14,14,1.2,5,3,533,56.7,30.08,1.05,2.021,-2.512,-42.38,1.1425,471,52.7,-87.3,0.86,2.094,-2.721,-132.17,-0.8567,231,56.7,11.41,1.05,1.806,-2.251,-24.53,0.7362,1.022,-45.81
13,21,14,3.0,14,20,1.2,6,5,107,56.1,-0.35,1.0,1.952,-2.499,-28.26,-0.0186,70,60.0,16.91,1.22,2.21,-2.711,-22.49,1.4085,30,50.0,-4.19,0.87,1.928,-2.207,-13.85,-0.3695,1.0204000000000002,12.369999999999997
9,21,14,3.0,14,20,1.5,5,3,471,55.8,23.04,1.04,2.089,-2.531,-37.05,0.9851,431,50.3,-110.44,0.81,2.151,-2.697,-139.64,-0.9547,214,56.1,15.8,1.08,1.868,-2.217,-26.03,0.9815,1.0119,-71.60000000000001
13,34,14,2.0,14,20,1.2,5,3,494,54.9,0.41,1.0,2.061,-2.503,-60.6,0.0104,433,53.1,-63.18,0.89,2.123,-2.716,-123.65,-0.6872,214,57.5,20.43,1.1,1.823,-2.239,-20.26,1.6656,0.9887999999999999,-42.34
13,21,10,3.0,14,20,1.2,6,3,110,54.5,-7.74,0.94,1.952,-2.497,-33.22,-0.3281,72,59.7,18.11,1.23,2.249,-2.71,-19.04,1.7762,31,48.4,-6.58,0.81,1.928,-2.218,-16.24,-0.4614,0.9866999999999999,3.789999999999999
9,34,10,2.0,10,20,1.5,5,3,485,54.0,-22.94,0.96,2.056,-2.518,-85.36,-0.3924,431,54.3,-40.82,0.92,2.133,-2.74,-105.43,-0.5471,210,57.6,25.8,1.13,1.842,-2.215,-22.92,1.9223,0.9827999999999999,-37.96000000000001
9,21,14,2.0,14,20,1.2,5,5,479,54.9,5.2,1.01,2.064,-2.49,-40.48,0.1959,426,55.2,-48.91,0.91,1.993,-2.708,-104.11,-0.6538,207,57.0,19.57,1.1,1.833,-2.21,-22.46,1.4394,0.9814999999999999,-24.139999999999993
13,21,10,3.0,10,20,1.2,4,5,630,56.2,8.47,1.01,1.994,-2.527,-92.09,0.1438,623,52.3,-154.63,0.81,2.032,-2.751,-194.04,-0.9792,287,58.2,27.33,1.1,1.757,-2.218,-25.32,1.8114,0.976,-118.83
13,21,14,2.0,14,20,1.5,6,5,86,57.0,7.72,1.08,2.056,-2.514,-25.15,0.5016,59,57.6,11.14,1.16,2.337,-2.733,-23.33,0.8395,20,50.0,-4.78,0.78,1.727,-2.205,-14.32,-0.3666,0.9744999999999999,14.079999999999998
13,34,10,2.0,10,14,1.5,6,3,80,57.5,10.8,1.13,2.09,-2.511,-27.83,0.6646,61,57.4,9.81,1.14,2.266,-2.672,-21.34,0.7887,30,50.0,-7.29,0.78,1.749,-2.235,-16.75,-0.482,0.9713,13.32
9,21,10,3.0,14,14,1.5,5,5,448,56.9,38.99,1.08,2.033,-2.484,-45.76,1.4148,402,51.5,-88.12,0.83,2.122,-2.705,-127.57,-0.8648,199,55.3,8.46,1.04,1.859,-2.202,-32.99,0.4032,0.9532,-40.67
13,34,10,3.0,14,20,1.5,5,3,466,55.4,6.98,1.01,2.062,-2.524,-54.78,0.1971,418,52.2,-72.43,0.87,2.151,-2.706,-111.31,-0.8499,206,57.8,26.14,1.14,1.839,-2.215,-28.17,1.6055,0.9526999999999999,-39.31
9,21,10,2.0,10,20,1.2,4,5,633,58.0,60.5,1.09,2.002,-2.535,-41.86,2.4299,630,52.9,-135.21,0.84,2.083,-2.791,-156.05,-1.1013,316,54.1,-12.82,0.96,1.8,-2.212,-48.75,-0.3811,0.9475,-87.53
9,34,14,2.0,10,14,1.2,5,3,520,54.8,-6.25,0.99,2.043,-2.505,-88.56,-0.1068,475,53.1,-93.61,0.85,2.046,-2.732,-143.73,-0.8379,224,57.6,26.14,1.12,1.843,-2.228,-23.47,1.8914,0.9467,-73.72
13,34,10,2.0,10,14,1.2,6,5,102,53.9,4.96,1.04,2.226,-2.5,-28.3,0.2716,68,58.8,12.2,1.16,2.198,-2.704,-17.96,1.186,36,47.2,-11.72,0.72,1.791,-2.219,-23.29,-0.513,0.9446,5.4399999999999995
9,21,7,2.0,10,20,1.2,4,5,632,57.9,60.73,1.09,2.007,-2.533,-45.78,2.2349,629,52.9,-127.45,0.85,2.092,-2.784,-157.29,-1.0409,318,54.7,-7.5,0.98,1.786,-2.21,-43.22,-0.2562,0.9378000000000002,-74.22
13,21,10,2.0,10,20,1.5,4,5,624,57.2,61.07,1.09,2.056,-2.52,-47.4,2.1638,623,51.8,-170.59,0.79,2.041,-2.766,-188.49,-1.0859,305,54.8,-4.49,0.99,1.802,-2.213,-46.17,-0.1451,0.9328000000000001,-114.01
13,21,14,3.0,14,14,1.2,5,3,521,56.2,37.71,1.07,2.074,-2.5,-63.45,0.9747,463,50.1,-127.83,0.8,2.138,-2.7,-151.2,-1.0024,231,57.1,16.69,1.08,1.794,-2.224,-28.87,0.9448,0.9171,-73.43
13,21,7,2.0,10,20,1.5,4,5,626,57.0,50.16,1.07,2.038,-2.518,-50.58,1.64,621,52.5,-154.19,0.81,2.031,-2.767,-175.22,-1.0822,305,56.1,7.56,1.03,1.774,-2.207,-33.72,0.3484,0.9061999999999999,-96.47
13,21,10,2.0,10,14,1.2,6,5,106,54.7,8.3,1.07,2.213,-2.501,-28.3,0.4688,73,58.9,9.62,1.12,2.103,-2.693,-18.27,0.8877,36,50.0,-8.37,0.79,1.739,-2.204,-20.79,-0.4545,0.902,9.550000000000002
13,21,10,2.0,10,20,1.2,6,5,103,56.3,4.82,1.04,2.054,-2.54,-20.89,0.3585,73,58.9,14.33,1.17,2.245,-2.74,-23.99,1.07,34,50.0,-9.33,0.75,1.646,-2.195,-18.57,-0.5364,0.8921000000000001,9.819999999999999
9,21,14,3.0,14,20,1.2,6,3,108,55.6,-4.8,0.96,1.915,-2.494,-28.07,-0.2464,68,58.8,17.24,1.23,2.329,-2.711,-20.04,1.5969,31,48.4,-6.58,0.81,1.928,-2.218,-16.24,-0.4614,0.8891,5.859999999999998
13,34,14,3.0,14,14,1.2,6,5,112,53.6,5.82,1.05,2.252,-2.487,-25.0,0.3595,82,59.8,12.63,1.14,2.096,-2.73,-29.79,0.7471,29,51.7,-2.33,0.92,1.913,-2.216,-14.03,-0.2178,0.8888,16.120000000000005
9,21,14,2.0,14,14,1.5,5,5,457,56.5,27.08,1.05,2.017,-2.479,-56.2,0.7814,413,54.0,-51.91,0.9,2.074,-2.707,-112.75,-0.6318,200,56.0,9.35,1.05,1.832,-2.225,-19.8,0.7343,0.8838999999999999,-15.479999999999999
9,34,10,3.0,14,20,1.5,5,5,437,55.4,4.45,1.01,2.033,-2.5,-53.04,0.1291,393,52.9,-71.53,0.86,2.048,-2.689,-110.81,-0.8377,185,56.8,23.22,1.13,1.896,-2.198,-24.9,1.5914,0.8827999999999999,-43.86
9,34,10,3.0,10,20,1.2,5,3,514,55.4,11.65,1.02,2.05,-2.5,-69.19,0.2632,450,50.9,-111.09,0.82,2.143,-2.723,-134.76,-1.0067,226,58.4,22.58,1.11,1.746,-2.212,-23.61,1.6113,0.8678,-76.86
13,21,14,2.0,10,14,1.5,6,3,83,57.8,12.89,1.15,2.1,-2.512,-27.83,0.8092,65,56.9,7.72,1.1,2.224,-2.663,-24.64,0.5215,30,50.0,-6.5,0.8,1.749,-2.183,-15.74,-0.4668,0.8639,14.11
9,34,14,3.0,10,14,1.5,4,5,624,56.6,16.04,1.02,1.989,-2.531,-65.26,0.3879,616,51.3,-163.34,0.8,2.096,-2.752,-184.22,-1.0703,283,58.7,33.34,1.13,1.758,-2.21,-37.62,1.5462,0.8638,-113.96000000000001
13,21,10,3.0,14,20,1.5,5,5,441,55.6,5.96,1.01,2.028,-2.504,-57.23,0.1613,393,52.2,-81.02,0.84,2.06,-2.677,-119.58,-0.8578,187,56.7,24.36,1.14,1.909,-2.198,-26.82,1.5594,0.8628999999999999,-50.7
13,21,14,3.0,14,20,1.5,5,3,469,55.7,17.01,1.03,2.076,-2.523,-49.94,0.5367,430,50.9,-99.1,0.83,2.14,-2.691,-129.27,-0.9478,211,56.4,19.04,1.09,1.873,-2.216,-25.0,1.2521,0.841,-63.04999999999999
9,34,10,2.0,14,20,1.5,6,3,85,56.5,7.28,1.08,2.087,-2.511,-26.21,0.4514,58,58.6,10.05,1.15,2.224,-2.732,-21.56,0.8149,20,45.0,-8.11,0.67,1.799,-2.209,-17.24,-0.4295,0.8368,9.220000000000002
9,21,14,3.0,14,20,1.5,4,3,712,56.5,37.73,1.05,2.033,-2.514,-71.73,0.851,699,53.1,-122.53,0.86,2.112,-2.762,-165.72,-0.9729,329,55.6,18.24,1.06,1.897,-2.253,-30.44,0.953,0.8311,-66.56000000000002
13,21,14,2.0,10,20,1.5,4,5,624,57.2,61.0,1.09,2.056,-2.52,-47.22,2.1688,624,52.2,-167.96,0.8,2.02,-2.774,-185.59,-1.0919,304,54.6,-8.95,0.97,1.784,-2.211,-53.24,-0.2477,0.8291999999999999,-115.91000000000001
13,34,7,3.0,14,14,1.2,5,3,518,55.4,18.6,1.03,2.081,-2.505,-74.08,0.3975,450,50.2,-118.45,0.81,2.17,-2.718,-134.81,-1.0553,230,58.3,25.84,1.12,1.783,-2.22,-29.86,1.4858,0.8280000000000001,-74.00999999999999
9,34,14,3.0,14,20,1.2,6,5,109,56.9,8.28,1.07,2.028,-2.499,-23.72,0.5625,72,58.3,10.62,1.13,2.2,-2.727,-25.44,0.7182,31,48.4,-6.4,0.82,1.928,-2.207,-16.06,-0.4557,0.825,12.499999999999998
13,34,10,3.0,14,20,1.2,6,5,110,56.4,8.73,1.07,2.078,-2.502,-26.37,0.5347,76,57.9,10.99,1.13,2.226,-2.718,-30.65,0.6174,30,50.0,-4.31,0.87,1.928,-2.215,-16.06,-0.3302,0.8218999999999999,15.41
13,21,7,3.0,10,14,1.5,4,5,630,56.5,21.56,1.03,2.008,-2.53,-94.84,0.363,619,52.3,-158.0,0.81,2.018,-2.752,-180.19,-1.0699,284,58.1,26.08,1.1,1.769,-2.233,-28.71,1.5245,0.8175999999999999,-110.36
9,21,10,3.0,10,14,1.2,4,5,626,57.3,35.29,1.05,1.988,-2.541,-63.34,0.9081,635,52.1,-158.47,0.81,2.041,-2.743,-199.48,-0.974,291,57.4,15.81,1.06,1.761,-2.245,-29.01,0.8761,0.8102,-107.37
13,34,14,3.0,14,14,1.2,6,3,117,52.1,-0.06,1.0,2.282,-2.487,-32.54,-0.0029,83,60.2,16.49,1.18,2.132,-2.73,-25.92,1.1615,30,50.0,-4.73,0.86,1.913,-2.228,-16.43,-0.3493,0.8093000000000001,11.7
9,21,7,2.0,10,20,1.2,5,3,528,56.2,29.35,1.05,2.06,-2.521,-49.1,0.9616,469,53.1,-86.23,0.86,2.069,-2.734,-111.18,-1.0081,232,57.3,17.16,1.08,1.784,-2.223,-33.31,0.8482,0.8017,-39.72
9,34,7,2.0,14,14,1.2,5,3,515,55.3,1.08,1.0,2.024,-2.503,-70.1,0.0237,452,52.9,-79.22,0.86,2.093,-2.721,-139.34,-0.745,221,57.5,19.86,1.09,1.83,-2.261,-21.48,1.5207,0.7993999999999999,-58.28
13,21,14,3.0,14,20,1.2,5,3,511,55.4,22.36,1.04,2.105,-2.515,-50.17,0.7053,450,50.4,-113.27,0.81,2.157,-2.703,-137.41,-0.9998,228,57.0,18.95,1.09,1.809,-2.207,-28.59,1.0938,0.7993000000000001,-71.96
13,34,10,2.0,10,20,1.2,6,5,99,55.6,1.47,1.01,2.059,-2.54,-20.89,0.1061,69,58.0,14.45,1.18,2.341,-2.731,-20.74,1.2412,34,47.1,-12.68,0.68,1.696,-2.212,-21.92,-0.5545,0.7928000000000002,3.24
13,34,14,2.0,10,14,1.2,6,3,106,53.8,4.68,1.04,2.232,-2.501,-30.61,0.2362,71,57.7,11.82,1.15,2.266,-2.703,-18.86,1.0756,37,45.9,-13.42,0.69,1.791,-2.193,-24.99,-0.5231,0.7886999999999998,3.08
13,21,10,2.0,14,14,1.5,5,5,456,55.0,2.35,1.0,2.035,-2.48,-68.98,0.0524,407,54.3,-40.35,0.92,2.088,-2.697,-112.7,-0.5036,192,56.2,15.14,1.08,1.871,-2.225,-19.73,1.2335,0.7823,-22.86
13,21,10,2.0,10,14,1.5,6,5,82,57.3,12.01,1.14,2.126,-2.512,-27.83,0.7448,63,57.1,5.69,1.08,2.146,-2.651,-21.65,0.4261,29,51.7,-4.8,0.85,1.749,-2.217,-14.26,-0.4033,0.7676000000000001,12.899999999999999
13,21,14,3.0,10,14,1.5,5,3,481,55.5,33.05,1.06,2.135,-2.51,-71.8,0.7495,439,51.0,-95.72,0.84,2.171,-2.707,-123.88,-0.9672,215,56.7,17.11,1.08,1.827,-2.213,-28.59,0.9817,0.7640000000000001,-45.56
9,21,10,3.0,14,20,1.5,5,5,443,56.0,11.71,1.02,2.019,-2.508,-46.95,0.39,392,52.0,-79.73,0.84,2.084,-2.685,-118.66,-0.8531,190,56.3,21.09,1.12,1.903,-2.199,-29.0,1.2257,0.7626000000000001,-46.93000000000001
9,34,7,2.0,10,20,1.2,5,3,503,55.9,19.64,1.04,2.053,-2.51,-56.75,0.5488,446,53.6,-70.02,0.88,2.082,-2.742,-105.45,-0.8857,221,57.5,20.2,1.1,1.809,-2.229,-30.86,1.0948,0.7578999999999999,-30.179999999999996
9,21,10,3.0,14,14,1.2,5,3,529,56.7,36.34,1.06,2.035,-2.508,-44.82,1.3216,469,48.8,-154.31,0.76,2.163,-2.707,-180.17,-0.9665,236,56.8,9.32,1.04,1.766,-2.228,-37.09,0.3993,0.7544000000000001,-108.65
13,21,14,2.0,14,20,1.5,6,3,87,56.3,5.28,1.06,2.056,-2.512,-25.15,0.3332,59,57.6,11.14,1.16,2.337,-2.733,-23.33,0.8395,21,47.6,-7.18,0.71,1.727,-2.222,-16.31,-0.4324,0.7403000000000001,9.240000000000002
9,34,10,2.0,10,14,1.5,6,5,79,57.0,9.63,1.11,2.111,-2.511,-27.83,0.5835,61,57.4,7.2,1.1,2.172,-2.648,-18.9,0.6284,30,50.0,-7.29,0.78,1.749,-2.235,-16.75,-0.482,0.7299,9.540000000000003
13,34,7,3.0,14,14,1.5,5,3,471,55.6,26.73,1.05,2.105,-2.511,-51.13,0.8385,427,51.1,-99.73,0.83,2.162,-2.733,-122.8,-1.0044,217,56.7,16.24,1.08,1.827,-2.217,-30.62,0.8674,0.7015,-56.760000000000005
13,21,14,2.0,10,14,1.2,4,5,632,57.0,47.16,1.07,2.039,-2.526,-57.63,1.3495,634,52.1,-164.46,0.8,2.053,-2.769,-182.16,-1.0985,305,56.1,10.99,1.04,1.8,-2.215,-39.25,0.4418,0.6927999999999999,-106.31000000000002
9,21,10,3.0,14,20,1.5,4,3,716,56.3,26.83,1.03,2.019,-2.513,-81.0,0.5288,704,52.8,-134.3,0.85,2.103,-2.761,-166.46,-1.0462,326,55.8,21.27,1.07,1.902,-2.256,-28.27,1.2065,0.6890999999999999,-86.20000000000002
13,21,10,2.0,10,14,1.5,4,5,623,57.3,59.72,1.09,2.043,-2.518,-54.79,1.8341,621,53.0,-128.23,0.84,2.072,-2.773,-144.09,-1.1379,303,54.8,-0.33,1.0,1.835,-2.226,-44.47,-0.0111,0.6851000000000002,-68.83999999999999
13,21,14,2.0,14,20,1.5,5,5,440,54.3,-14.25,0.97,2.039,-2.495,-64.24,-0.3275,397,55.2,-31.95,0.93,2.037,-2.686,-105.12,-0.4359,189,56.1,18.03,1.1,1.908,-2.219,-20.35,1.4474,0.6839999999999999,-28.17
13,21,10,2.0,10,14,1.2,4,5,632,57.0,47.08,1.07,2.039,-2.526,-57.8,1.343,632,51.7,-166.08,0.8,2.067,-2.76,-187.96,-1.0706,305,56.1,9.6,1.03,1.797,-2.221,-36.71,0.4099,0.6822999999999999,-109.40000000000002
9,34,10,2.0,14,14,1.2,5,3,519,55.1,-7.08,0.99,2.013,-2.501,-74.5,-0.1437,456,52.4,-87.62,0.85,2.102,-2.718,-154.97,-0.7291,223,57.4,20.87,1.1,1.839,-2.259,-22.29,1.5472,0.6743999999999999,-73.83
9,21,7,3.0,14,14,1.2,5,3,533,56.7,36.91,1.06,2.044,-2.512,-44.57,1.3498,464,48.9,-151.29,0.76,2.16,-2.708,-170.42,-1.0045,238,56.3,7.65,1.03,1.782,-2.222,-37.09,0.3241,0.6694000000000002,-106.72999999999999
9,21,10,2.0,10,14,1.5,5,5,461,54.2,-15.31,0.97,2.045,-2.495,-79.33,-0.2855,426,53.3,-79.77,0.85,2.027,-2.713,-134.15,-0.771,198,57.6,20.94,1.11,1.799,-2.193,-20.31,1.7246,0.6680999999999999,-74.14
9,34,10,2.0,10,20,1.2,6,5,99,55.6,1.47,1.01,2.059,-2.54,-20.89,0.1061,69,58.0,11.63,1.15,2.259,-2.716,-17.96,1.1113,35,48.6,-11.82,0.7,1.646,-2.212,-21.06,-0.5597,0.6577000000000001,1.2800000000000011
9,34,14,2.0,10,20,1.5,5,5,433,54.0,-19.99,0.96,2.048,-2.509,-72.82,-0.4005,397,55.2,-45.43,0.91,2.012,-2.731,-97.87,-0.6463,190,56.8,23.12,1.13,1.886,-2.202,-23.05,1.7016,0.6548,-42.3
9,21,7,3.0,14,14,1.5,5,5,450,57.3,34.59,1.07,1.992,-2.496,-42.18,1.3512,403,51.1,-97.3,0.82,2.115,-2.706,-130.01,-0.9175,201,54.7,4.69,1.02,1.86,-2.197,-32.99,0.2183,0.6519999999999999,-58.019999999999996
13,21,14,2.0,10,14,1.5,4,5,623,57.3,59.7,1.09,2.043,-2.518,-54.56,1.8409,624,53.0,-137.58,0.83,2.048,-2.783,-152.24,-1.1422,303,54.8,-1.6,0.99,1.825,-2.223,-49.6,-0.0486,0.6500999999999999,-79.48
9,34,7,3.0,14,20,1.5,5,5,434,55.5,1.68,1.0,2.016,-2.509,-48.75,0.0527,393,52.4,-82.56,0.84,2.043,-2.692,-115.0,-0.9069,187,56.7,22.08,1.12,1.888,-2.198,-24.9,1.5018,0.6476,-58.8
9,21,7,2.0,10,20,1.5,5,3,503,55.7,8.49,1.02,2.042,-2.526,-55.68,0.2367,445,53.7,-67.64,0.88,2.071,-2.731,-112.2,-0.808,219,57.5,19.42,1.09,1.789,-2.215,-26.56,1.215,0.6437,-39.73
13,21,10,3.0,14,20,1.2,6,5,108,55.6,-3.0,0.98,1.952,-2.502,-30.91,-0.1427,71,59.2,14.25,1.18,2.21,-2.71,-22.49,1.1402,30,50.0,-4.19,0.87,1.928,-2.207,-13.85,-0.3695,0.6280000000000001,7.06
13,21,14,3.0,14,14,1.5,5,3,478,56.3,47.06,1.09,2.117,-2.499,-52.86,1.4885,436,51.1,-95.19,0.83,2.158,-2.706,-124.36,-0.9581,219,54.8,2.32,1.01,1.848,-2.217,-36.59,0.0967,0.6271,-45.809999999999995
9,21,14,3.0,14,20,1.2,6,5,106,56.6,-0.06,1.0,1.915,-2.499,-27.4,-0.0031,67,58.2,13.37,1.18,2.289,-2.711,-23.91,0.9992,30,50.0,-4.19,0.87,1.928,-2.207,-13.85,-0.3695,0.6266,9.119999999999997
9,21,14,2.0,14,20,1.2,4,5,631,57.5,57.29,1.08,2.027,-2.532,-48.48,1.9778,628,52.7,-142.66,0.83,2.062,-2.778,-157.94,-1.1337,316,54.1,-6.6,0.98,1.834,-2.208,-42.36,-0.2299,0.6142000000000001,-91.97
13,21,10,2.0,10,14,1.5,6,3,83,57.8,13.18,1.15,2.106,-2.512,-27.83,0.8296,64,56.2,2.7,1.04,2.146,-2.663,-24.64,0.1707,29,51.7,-4.8,0.85,1.749,-2.217,-14.26,-0.4033,0.597,11.079999999999998
9,21,10,2.0,14,20,1.2,4,5,631,57.4,60.79,1.09,2.049,-2.531,-48.65,2.0988,630,52.5,-138.9,0.83,2.085,-2.773,-157.61,-1.112,316,53.8,-13.23,0.96,1.823,-2.213,-48.95,-0.3907,0.5961000000000001,-91.34000000000002
9,34,7,2.0,10,14,1.2,4,5,628,56.2,36.47,1.05,2.074,-2.53,-69.29,0.8529,623,53.3,-110.23,0.86,2.096,-2.77,-144.94,-0.9995,306,57.2,15.36,1.05,1.754,-2.226,-33.7,0.7327,0.5861,-58.400000000000006
13,34,7,3.0,14,20,1.2,5,3,510,54.5,-9.11,0.98,2.072,-2.522,-76.81,-0.178,439,50.3,-114.0,0.81,2.166,-2.719,-133.81,-1.0268,226,58.4,29.81,1.14,1.797,-2.206,-29.19,1.7893,0.5845,-93.3
9,21,7,2.0,14,20,1.2,4,5,630,57.3,61.02,1.09,2.054,-2.529,-52.05,1.9717,627,52.3,-140.64,0.83,2.095,-2.768,-159.83,-1.1056,317,54.3,-9.35,0.97,1.812,-2.214,-45.07,-0.304,0.5621,-88.96999999999997
13,21,14,2.0,14,20,1.2,5,5,469,54.2,-5.28,0.99,2.087,-2.491,-56.04,-0.1412,418,55.3,-44.09,0.91,1.989,-2.693,-106.31,-0.582,201,56.7,16.47,1.09,1.833,-2.213,-20.89,1.2803,0.5571,-32.900000000000006
9,34,10,3.0,14,14,1.5,5,5,445,55.7,19.53,1.04,2.045,-2.476,-57.19,0.5435,401,52.6,-76.52,0.85,2.073,-2.705,-111.65,-0.8823,196,56.1,14.32,1.08,1.853,-2.204,-25.97,0.8912,0.5524,-42.669999999999995
13,21,14,2.0,10,20,1.2,4,5,631,57.1,51.32,1.08,2.042,-2.523,-59.47,1.433,630,52.1,-171.31,0.8,2.037,-2.779,-186.65,-1.1049,312,55.4,5.16,1.02,1.802,-2.206,-36.77,0.2159,0.544,-114.83000000000001
9,34,14,2.0,10,20,1.2,6,3,102,55.9,3.92,1.03,2.07,-2.535,-23.2,0.2613,72,56.9,11.25,1.13,2.327,-2.714,-23.01,0.8335,35,45.7,-14.42,0.65,1.694,-2.185,-23.66,-0.5561,0.5387,0.75
13,34,7,3.0,14,20,1.2,6,3,111,55.9,5.07,1.04,2.071,-2.517,-35.11,0.2279,82,57.3,12.05,1.13,2.268,-2.701,-28.44,0.7257,31,48.4,-6.71,0.81,1.928,-2.226,-18.45,-0.4154,0.5382,10.41
13,34,10,2.0,10,14,1.2,4,5,626,55.3,21.45,1.03,2.103,-2.523,-85.98,0.3945,619,52.0,-158.89,0.81,2.048,-2.755,-176.8,-1.0948,296,57.8,25.43,1.09,1.788,-2.243,-34.52,1.232,0.5317000000000001,-112.00999999999999
9,21,14,2.0,10,14,1.2,6,5,107,54.2,3.48,1.03,2.17,-2.498,-28.3,0.1881,76,57.9,10.17,1.12,2.178,-2.677,-20.8,0.8243,37,48.6,-10.07,0.76,1.739,-2.177,-22.5,-0.4821,0.5303,3.58
13,21,10,2.0,10,20,1.5,5,5,449,53.9,-31.16,0.94,2.018,-2.51,-84.76,-0.5257,404,55.4,-34.66,0.93,2.024,-2.712,-91.07,-0.5437,195,56.4,20.26,1.11,1.872,-2.184,-20.98,1.5985,0.5291000000000001,-45.55999999999999
13,34,10,3.0,14,14,1.2,5,3,522,55.4,13.56,1.02,2.064,-2.502,-80.02,0.2661,448,51.1,-97.44,0.84,2.167,-2.71,-125.51,-0.9729,228,57.9,21.87,1.1,1.78,-2.22,-29.86,1.234,0.5272,-62.00999999999999
13,34,14,2.0,10,20,1.2,4,5,633,55.3,17.43,1.02,2.084,-2.515,-103.57,0.2651,617,52.4,-150.81,0.81,2.048,-2.763,-165.94,-1.1208,302,57.6,22.39,1.08,1.768,-2.229,-26.56,1.3812,0.5255,-110.99
9,34,14,3.0,10,14,1.5,5,3,478,54.6,16.33,1.03,2.143,-2.502,-76.67,0.3348,440,51.8,-88.81,0.85,2.142,-2.722,-117.24,-0.9648,214,57.0,19.03,1.09,1.825,-2.213,-27.44,1.1485,0.5185000000000001,-53.45
13,34,10,3.0,14,14,1.2,6,5,112,53.6,3.04,1.02,2.206,-2.487,-27.78,0.166,83,59.0,9.96,1.11,2.096,-2.728,-29.79,0.5699,29,51.7,-2.33,0.92,1.913,-2.216,-14.03,-0.2178,0.5181,10.67
13,21,14,2.0,10,20,1.2,6,3,105,56.2,3.39,1.03,2.034,-2.535,-23.2,0.2253,76,57.9,13.95,1.16,2.308,-2.737,-29.39,0.8405,34,47.1,-11.93,0.69,1.694,-2.168,-21.17,-0.5494,0.5164000000000001,5.41
9,21,14,2.0,10,20,1.2,6,5,104,55.8,-0.01,1.0,2.011,-2.536,-20.89,-0.0008,76,57.9,14.88,1.17,2.317,-2.721,-25.07,1.0554,34,47.1,-11.93,0.69,1.694,-2.168,-21.17,-0.5494,0.5052,2.9400000000000013
13,21,10,2.0,10,14,1.2,5,3,533,54.0,-22.49,0.96,2.064,-2.518,-91.41,-0.3612,480,53.5,-76.84,0.87,2.066,-2.726,-127.54,-0.8018,231,57.6,25.08,1.12,1.821,-2.215,-25.44,1.6674,0.5044,-74.25
9,34,10,3.0,14,14,1.5,4,3,722,55.1,1.79,1.0,2.04,-2.501,-101.75,0.0271,704,52.1,-141.37,0.85,2.145,-2.755,-181.49,-0.9991,329,56.5,21.8,1.07,1.835,-2.235,-23.8,1.4694,0.49740000000000006,-117.78000000000002
9,34,10,2.0,10,14,1.5,6,3,80,57.5,10.8,1.13,2.09,-2.511,-27.83,0.6646,62,56.5,4.21,1.06,2.172,-2.66,-21.89,0.3045,30,50.0,-7.29,0.78,1.749,-2.235,-16.75,-0.482,0.4871,7.7200000000000015
9,34,7,3.0,14,20,1.2,4,3,725,55.6,8.12,1.01,2.02,-2.503,-103.76,0.1218,704,51.1,-164.45,0.83,2.18,-2.759,-192.16,-1.0638,335,55.8,18.28,1.06,1.865,-2.233,-20.11,1.4241,0.48209999999999986,-138.04999999999998
9,21,10,3.0,10,20,1.5,5,3,482,56.4,29.36,1.06,2.058,-2.525,-48.67,0.9759,429,50.8,-104.66,0.82,2.142,-2.709,-138.49,-0.9244,218,56.4,9.14,1.04,1.779,-2.207,-34.12,0.425,0.4765,-66.16
13,34,10,3.0,14,14,1.2,6,3,117,52.1,-2.85,0.98,2.237,-2.487,-35.33,-0.1168,84,59.5,13.83,1.15,2.132,-2.728,-25.92,0.9416,30,50.0,-4.73,0.86,1.913,-2.228,-16.43,-0.3493,0.4755,6.25
13,21,10,3.0,10,14,1.5,4,5,628,56.5,16.91,1.02,1.998,-2.536,-84.56,0.317,620,52.3,-157.57,0.81,2.033,-2.757,-184.19,-1.0454,284,57.7,20.9,1.08,1.757,-2.227,-28.71,1.1963,0.46789999999999976,-119.75999999999999
13,34,7,2.0,14,20,1.5,6,3,82,56.1,10.07,1.11,2.194,-2.524,-24.16,0.6943,54,55.6,2.08,1.03,2.255,-2.732,-21.56,0.1482,19,47.4,-6.03,0.73,1.799,-2.222,-16.03,-0.3802,0.46230000000000004,6.12
13,34,10,3.0,14,14,1.5,5,3,473,55.4,25.36,1.05,2.114,-2.505,-57.05,0.7115,422,52.1,-74.92,0.86,2.164,-2.727,-110.1,-0.8864,215,56.3,12.17,1.06,1.823,-2.217,-30.62,0.6367,0.4618000000000001,-37.39
9,21,14,2.0,10,20,1.2,5,5,473,56.2,28.77,1.06,2.058,-2.505,-52.49,0.8867,436,54.1,-77.37,0.86,1.974,-2.717,-116.84,-0.8679,208,55.8,8.56,1.04,1.819,-2.201,-30.5,0.4412,0.46,-40.040000000000006
13,21,10,2.0,14,20,1.5,6,5,85,56.5,4.13,1.04,2.024,-2.514,-25.15,0.258,58,56.9,6.12,1.09,2.256,-2.733,-23.33,0.4302,19,52.6,-2.15,0.89,1.727,-2.157,-11.69,-0.2299,0.45830000000000004,8.1
9,34,10,2.0,10,14,1.2,6,5,102,53.9,4.96,1.04,2.226,-2.5,-28.3,0.2716,70,58.6,7.81,1.1,2.094,-2.691,-19.25,0.6725,37,48.6,-10.86,0.74,1.739,-2.219,-23.29,-0.4935,0.45059999999999995,1.9100000000000001
13,21,7,2.0,10,20,1.5,5,3,493,54.8,-11.57,0.98,2.043,-2.525,-71.48,-0.242,432,54.6,-41.67,0.92,2.091,-2.73,-95.79,-0.6139,214,57.5,21.23,1.11,1.812,-2.216,-27.32,1.3044,0.4485,-32.010000000000005
9,21,7,2.0,10,14,1.5,5,3,504,56.0,25.66,1.05,2.074,-2.519,-57.37,0.717,452,53.5,-65.1,0.89,2.102,-2.732,-110.25,-0.7965,217,56.7,9.63,1.05,1.781,-2.227,-29.12,0.5239,0.4444,-29.809999999999995
13,21,7,3.0,14,20,1.5,5,5,441,55.8,2.16,1.0,1.999,-2.511,-52.94,0.0627,393,51.9,-88.52,0.83,2.051,-2.682,-120.34,-0.9147,189,56.1,20.64,1.11,1.911,-2.192,-26.82,1.2893,0.4372999999999999,-65.72
9,34,14,3.0,14,20,1.5,5,3,464,55.0,6.05,1.01,2.09,-2.522,-45.75,0.2027,429,51.7,-89.08,0.84,2.125,-2.709,-122.0,-0.9245,209,56.5,17.86,1.09,1.861,-2.216,-25.29,1.1572,0.4354,-65.17
9,21,7,3.0,14,20,1.5,4,3,719,56.3,26.27,1.03,2.013,-2.513,-76.44,0.5479,705,52.3,-147.97,0.84,2.109,-2.757,-174.95,-1.0764,330,56.4,20.09,1.06,1.857,-2.259,-33.7,0.9611,0.4326,-101.61
9,34,14,3.0,10,20,1.5,5,3,472,55.5,17.9,1.03,2.087,-2.518,-58.23,0.4858,431,52.0,-84.98,0.85,2.136,-2.721,-112.67,-0.9647,212,56.6,17.89,1.09,1.838,-2.203,-32.52,0.9095,0.4306,-49.19000000000001
9,34,10,3.0,14,20,1.2,6,3,113,54.9,-1.62,0.99,2.028,-2.497,-31.19,-0.0769,76,57.9,12.65,1.15,2.267,-2.722,-21.68,1.0089,32,46.9,-8.79,0.77,1.928,-2.218,-18.45,-0.5091,0.42289999999999994,2.240000000000002
9,34,7,3.0,14,14,1.5,5,5,443,56.2,18.52,1.04,2.011,-2.485,-52.96,0.5568,402,52.0,-90.21,0.83,2.069,-2.708,-118.51,-0.9493,198,56.1,13.12,1.07,1.845,-2.203,-25.97,0.8109,0.4183999999999999,-58.57
13,34,7,2.0,14,20,1.5,6,5,80,56.2,8.42,1.1,2.152,-2.526,-24.16,0.5726,54,55.6,2.08,1.03,2.255,-2.732,-21.56,0.1482,18,50.0,-3.64,0.82,1.799,-2.203,-13.63,-0.3043,0.4165,6.859999999999999
13,21,10,2.0,14,20,1.5,6,3,87,56.3,5.57,1.06,2.062,-2.512,-25.15,0.3523,58,56.9,6.12,1.09,2.256,-2.733,-23.33,0.4302,20,50.0,-4.54,0.79,1.727,-2.181,-13.67,-0.3676,0.4149,7.150000000000001
9,34,10,2.0,10,20,1.2,5,3,508,55.5,9.21,1.02,2.042,-2.507,-63.98,0.2241,456,53.7,-66.11,0.89,2.089,-2.739,-110.14,-0.8098,221,57.0,19.19,1.09,1.832,-2.227,-31.87,1.0,0.4143,-37.709999999999994
9,34,14,3.0,14,20,1.2,5,3,509,54.8,7.37,1.01,2.094,-2.508,-54.19,0.2093,445,51.2,-100.15,0.83,2.141,-2.711,-123.42,-1.01,226,57.1,19.67,1.09,1.814,-2.209,-26.78,1.2144,0.41369999999999996,-73.11
13,34,14,2.0,10,14,1.2,4,5,628,55.6,22.98,1.03,2.081,-2.521,-86.34,0.4228,624,51.9,-168.36,0.8,2.036,-2.76,-185.74,-1.0912,297,57.9,22.41,1.08,1.761,-2.244,-34.55,1.0754,0.40700000000000003,-122.97000000000003
13,21,10,3.0,14,14,1.5,5,5,450,56.0,23.06,1.05,2.038,-2.478,-59.52,0.6224,403,51.6,-89.5,0.83,2.099,-2.698,-125.44,-0.8906,197,55.8,12.89,1.07,1.856,-2.198,-30.81,0.674,0.40580000000000005,-53.55
13,34,10,3.0,14,20,1.2,5,3,513,54.6,-8.46,0.99,2.065,-2.518,-74.67,-0.1704,437,51.3,-93.47,0.84,2.163,-2.714,-124.61,-0.9435,224,58.0,25.74,1.12,1.793,-2.206,-29.19,1.5152,0.4013,-76.19000000000001
13,21,10,3.0,10,14,1.2,4,5,631,55.6,-10.47,0.99,1.99,-2.532,-106.82,-0.1489,633,52.0,-171.09,0.8,2.022,-2.751,-206.64,-0.9961,286,58.0,20.9,1.08,1.734,-2.225,-22.09,1.5421,0.3971,-160.66
9,21,7,2.0,14,14,1.2,4,5,631,56.9,49.98,1.07,2.052,-2.525,-55.98,1.4763,632,52.4,-144.19,0.83,2.085,-2.772,-170.57,-1.0593,310,54.8,-0.59,1.0,1.831,-2.227,-43.99,-0.0202,0.39680000000000004,-94.80000000000001
9,34,14,3.0,14,14,1.2,6,5,110,53.6,4.4,1.03,2.219,-2.481,-23.82,0.282,81,59.3,8.02,1.09,2.05,-2.738,-27.36,0.4906,30,50.0,-4.42,0.87,1.913,-2.207,-14.24,-0.3766,0.39599999999999996,8.0
9,34,14,3.0,10,14,1.2,4,5,627,55.8,-3.8,0.99,1.992,-2.531,-82.93,-0.0702,628,51.4,-169.28,0.8,2.075,-2.753,-199.7,-1.0197,285,58.6,29.71,1.11,1.739,-2.21,-34.37,1.4836,0.39369999999999994,-143.37
9,21,10,2.0,14,14,1.2,5,3,537,56.2,18.58,1.03,2.013,-2.507,-49.84,0.5891,474,52.3,-93.21,0.85,2.103,-2.72,-145.69,-0.8212,234,56.4,10.21,1.04,1.815,-2.249,-25.73,0.6237,0.39159999999999995,-64.41999999999999
13,21,14,2.0,10,14,1.2,6,3,109,54.1,4.15,1.03,2.19,-2.502,-30.61,0.2089,76,57.9,9.24,1.11,2.169,-2.693,-23.67,0.655,37,48.6,-10.07,0.76,1.739,-2.177,-22.5,-0.4821,0.38180000000000003,3.3200000000000003
13,34,7,3.0,14,20,1.2,4,3,724,56.1,13.42,1.02,1.998,-2.509,-104.8,0.2013,698,50.7,-173.78,0.82,2.184,-2.752,-190.67,-1.1157,336,56.0,18.23,1.06,1.858,-2.237,-22.18,1.2938,0.3794000000000002,-142.13000000000002
9,21,10,2.0,10,20,1.5,4,5,634,57.6,51.08,1.08,2.003,-2.528,-48.9,1.7343,625,52.8,-132.4,0.84,2.087,-2.783,-159.01,-1.0605,311,54.3,-9.56,0.97,1.806,-2.217,-46.96,-0.2984,0.37539999999999996,-90.88000000000001
9,34,14,3.0,14,14,1.2,5,3,519,55.3,18.6,1.03,2.079,-2.492,-69.0,0.4259,460,50.7,-119.06,0.81,2.132,-2.713,-145.17,-0.9898,230,57.0,15.74,1.07,1.798,-2.221,-27.36,0.9334,0.36949999999999994,-84.72000000000001
9,21,7,3.0,14,20,1.5,5,5,443,56.4,7.81,1.02,1.972,-2.514,-42.34,0.2865,391,51.7,-87.5,0.83,2.08,-2.686,-120.52,-0.9038,192,55.7,17.37,1.09,1.905,-2.193,-29.0,0.9858,0.36849999999999994,-62.31999999999999
9,21,7,3.0,10,14,1.5,5,3,488,56.4,40.39,1.08,2.099,-2.52,-58.68,1.1377,436,49.5,-123.84,0.79,2.191,-2.714,-146.53,-0.9949,220,55.9,4.86,1.02,1.781,-2.209,-33.59,0.2241,0.3668999999999999,-78.59
9,34,7,2.0,14,20,1.5,5,3,466,54.5,-18.89,0.96,2.027,-2.517,-70.8,-0.3921,419,53.0,-61.04,0.89,2.14,-2.722,-121.73,-0.6742,202,57.4,19.57,1.1,1.84,-2.255,-22.77,1.427,0.3607,-60.36000000000001
13,21,10,3.0,10,20,1.5,5,3,484,56.0,19.11,1.04,2.052,-2.521,-64.96,0.4681,429,51.0,-95.22,0.83,2.159,-2.705,-127.15,-0.9342,214,57.0,14.92,1.07,1.788,-2.208,-29.63,0.8208,0.35469999999999996,-61.19
9,34,7,2.0,14,20,1.5,6,5,80,56.2,8.72,1.1,2.159,-2.526,-24.16,0.5947,54,55.6,2.08,1.03,2.255,-2.732,-21.56,0.1482,19,47.4,-5.72,0.74,1.799,-2.191,-14.85,-0.3929,0.35,5.080000000000001
9,21,7,2.0,10,20,1.5,4,5,633,57.5,50.0,1.07,2.002,-2.524,-48.77,1.6989,625,52.8,-130.97,0.84,2.087,-2.778,-163.84,-1.02,312,54.5,-10.4,0.97,1.79,-2.216,-46.2,-0.3291,0.34980000000000006,-91.37
13,21,7,3.0,14,20,1.2,6,3,108,55.6,-3.7,0.97,1.952,-2.517,-32.6,-0.1662,76,57.9,11.83,1.14,2.227,-2.692,-23.89,0.8539,30,50.0,-4.5,0.87,1.928,-2.227,-16.24,-0.3386,0.34909999999999997,3.629999999999999
13,21,7,2.0,14,14,1.2,5,3,524,55.0,-3.47,0.99,2.046,-2.512,-69.76,-0.0756,460,53.3,-70.15,0.88,2.097,-2.716,-132.0,-0.7113,225,57.3,17.43,1.08,1.814,-2.255,-25.15,1.133,0.34609999999999996,-56.190000000000005
13,34,7,3.0,14,14,1.5,4,3,723,55.5,-5.93,0.99,1.998,-2.507,-119.46,-0.076,692,51.0,-164.22,0.82,2.168,-2.742,-185.35,-1.0956,332,56.9,21.16,1.07,1.804,-2.236,-22.38,1.5143,0.3427,-148.99
13,21,7,2.0,14,20,1.2,4,5,631,57.1,54.13,1.08,2.049,-2.522,-56.97,1.5826,620,51.5,-162.83,0.8,2.089,-2.755,-174.57,-1.1288,312,55.1,-3.18,0.99,1.787,-2.219,-41.95,-0.1137,0.34009999999999996,-111.88000000000002
13,34,7,3.0,10,14,1.5,4,3,722,55.0,-18.35,0.98,2.008,-2.509,-121.24,-0.2274,698,50.4,-177.17,0.81,2.198,-2.748,-191.64,-1.1257,332,56.3,23.01,1.07,1.854,-2.232,-21.79,1.6911,0.3380000000000001,-172.51
13,21,14,2.0,10,14,1.2,5,5,471,54.8,-0.62,1.0,2.071,-2.511,-76.22,-0.0124,445,52.8,-112.98,0.8,1.947,-2.716,-151.2,-0.9097,206,56.8,18.93,1.1,1.842,-2.209,-25.01,1.2511,0.3290000000000002,-94.67000000000002
9,21,7,3.0,10,20,1.5,5,3,482,56.8,28.33,1.05,2.024,-2.53,-46.78,0.9802,426,50.7,-106.12,0.81,2.141,-2.708,-133.2,-0.9693,220,55.9,7.73,1.04,1.796,-2.198,-39.08,0.3118,0.32269999999999993,-70.06
9,21,14,2.0,14,20,1.5,6,5,87,56.3,3.84,1.04,2.011,-2.492,-25.15,0.2392,61,55.7,6.5,1.09,2.344,-2.711,-23.58,0.4485,20,50.0,-4.78,0.78,1.727,-2.205,-14.32,-0.3666,0.3211,5.56
9,34,10,2.0,14,20,1.5,5,3,470,53.8,-33.12,0.94,2.023,-2.511,-82.48,-0.5733,422,53.3,-53.63,0.9,2.141,-2.718,-123.99,-0.5919,204,57.4,20.74,1.11,1.85,-2.25,-23.5,1.4736,0.3084,-66.01
13,21,10,2.0,10,20,1.2,5,5,470,54.5,-11.61,0.98,2.049,-2.505,-75.33,-0.2298,428,53.7,-73.44,0.86,2.012,-2.708,-114.34,-0.8448,204,56.4,18.74,1.1,1.857,-2.189,-22.25,1.3816,0.30699999999999994,-66.31
9,34,14,3.0,14,14,1.5,5,3,474,55.5,33.45,1.06,2.13,-2.496,-50.4,1.076,435,52.0,-87.62,0.85,2.13,-2.723,-116.18,-0.9613,218,55.0,4.03,1.02,1.845,-2.218,-33.74,0.183,0.2977,-50.14
9,34,14,3.0,14,14,1.5,4,3,721,55.2,7.78,1.01,2.05,-2.502,-101.82,0.1186,702,52.0,-142.8,0.85,2.158,-2.762,-185.85,-0.9834,331,56.5,20.19,1.06,1.83,-2.237,-27.89,1.1622,0.2973999999999999,-114.83000000000001
9,21,7,2.0,10,14,1.5,4,5,630,57.3,41.43,1.06,1.993,-2.521,-55.19,1.2307,624,53.5,-99.92,0.88,2.115,-2.78,-134.12,-0.9946,309,55.3,1.43,1.0,1.809,-2.231,-41.62,0.0524,0.28849999999999987,-57.06
13,34,7,2.0,14,20,1.2,4,5,629,56.0,32.19,1.05,2.076,-2.522,-83.54,0.6213,601,52.2,-136.81,0.83,2.08,-2.752,-147.41,-1.1604,302,57.0,18.16,1.06,1.785,-2.222,-35.71,0.8255,0.2863999999999999,-86.46000000000001
13,34,14,3.0,14,20,1.2,4,3,721,56.7,46.9,1.06,2.032,-2.514,-86.94,0.8859,700,51.4,-148.61,0.84,2.189,-2.754,-175.43,-1.0731,336,55.4,9.82,1.03,1.866,-2.248,-32.44,0.4697,0.2825000000000001,-91.89000000000001
9,34,14,2.0,10,14,1.2,6,3,106,53.8,4.68,1.04,2.232,-2.501,-30.61,0.2362,73,57.5,7.43,1.09,2.164,-2.692,-22.16,0.5503,38,47.4,-12.56,0.71,1.739,-2.193,-24.99,-0.5084,0.2781,-0.45000000000000107
13,34,7,2.0,10,14,1.5,6,5,77,55.8,7.67,1.09,2.163,-2.511,-28.78,0.4373,57,56.1,3.78,1.06,2.196,-2.66,-18.36,0.3225,30,50.0,-7.29,0.78,1.749,-2.235,-16.75,-0.482,0.27780000000000005,4.159999999999999
13,21,7,2.0,10,14,1.5,5,3,496,54.4,-6.98,0.99,2.081,-2.517,-82.7,-0.1272,440,54.1,-48.99,0.91,2.112,-2.731,-105.9,-0.6435,211,57.3,16.85,1.08,1.796,-2.227,-26.51,1.0447,0.274,-39.12
13,21,10,3.0,10,14,1.5,5,3,488,54.9,15.23,1.03,2.115,-2.507,-86.24,0.2779,439,50.3,-107.2,0.82,2.186,-2.708,-135.97,-0.9629,216,57.4,14.31,1.07,1.76,-2.216,-24.13,0.959,0.2739999999999999,-77.66
9,21,14,2.0,10,14,1.5,6,5,83,56.6,7.18,1.08,2.073,-2.507,-27.83,0.4211,65,55.4,4.81,1.06,2.257,-2.637,-24.16,0.3155,30,50.0,-6.5,0.8,1.749,-2.183,-15.74,-0.4668,0.26979999999999993,5.489999999999998
13,21,7,2.0,10,20,1.2,6,5,101,55.4,2.86,1.02,2.092,-2.54,-20.89,0.2078,72,58.3,8.45,1.1,2.158,-2.74,-25.01,0.567,34,50.0,-9.33,0.75,1.646,-2.195,-18.57,-0.5364,0.23839999999999995,1.9799999999999986
13,21,14,3.0,14,14,1.2,6,3,111,51.4,-11.7,0.91,2.145,-2.481,-33.4,-0.4699,80,60.0,13.66,1.16,2.106,-2.732,-22.31,1.0839,30,50.0,-4.6,0.86,1.913,-2.219,-14.43,-0.3853,0.22870000000000013,-2.639999999999999
13,21,10,2.0,10,20,1.2,6,3,105,56.2,3.68,1.03,2.039,-2.535,-23.2,0.2449,75,57.3,8.94,1.1,2.245,-2.737,-29.39,0.5098,34,50.0,-9.33,0.75,1.646,-2.195,-18.57,-0.5364,0.21830000000000005,3.289999999999999
9,21,10,3.0,10,14,1.5,5,3,484,55.8,31.66,1.06,2.109,-2.513,-62.09,0.8278,438,49.8,-119.11,0.8,2.192,-2.713,-148.54,-0.9549,218,56.4,6.33,1.03,1.765,-2.218,-28.57,0.3447,0.21760000000000002,-81.12
13,21,7,3.0,14,20,1.2,6,5,107,56.1,-1.27,0.99,1.952,-2.519,-32.6,-0.0583,75,57.3,7.97,1.09,2.189,-2.692,-27.75,0.4763,29,51.7,-2.1,0.93,1.928,-2.216,-13.85,-0.2004,0.2176,4.6
9,21,14,2.0,10,14,1.2,5,3,538,55.8,12.03,1.02,2.035,-2.514,-69.65,0.2705,497,52.7,-106.69,0.83,2.042,-2.731,-143.49,-0.9402,238,56.7,14.16,1.06,1.804,-2.228,-25.59,0.8861,0.21640000000000004,-80.5
13,21,14,3.0,14,14,1.2,6,5,108,52.8,-4.23,0.97,2.145,-2.481,-28.36,-0.2127,79,59.5,9.79,1.11,2.068,-2.732,-25.04,0.6666,29,51.7,-2.21,0.93,1.913,-2.207,-12.03,-0.2384,0.21549999999999997,3.3499999999999988
9,34,14,3.0,14,20,1.2,4,3,722,55.8,28.89,1.04,2.056,-2.507,-92.41,0.4993,709,51.8,-146.86,0.84,2.17,-2.758,-188.22,-0.9945,334,55.4,12.38,1.04,1.873,-2.243,-27.3,0.7052,0.21000000000000002,-105.59000000000002
9,21,14,2.0,10,14,1.2,5,5,480,56.0,18.05,1.03,2.037,-2.511,-62.13,0.4614,457,52.5,-122.61,0.79,1.947,-2.719,-159.76,-0.9215,211,55.5,9.73,1.05,1.853,-2.203,-22.76,0.6667,0.20659999999999995,-94.83
13,21,7,2.0,10,14,1.2,6,5,103,54.4,8.02,1.07,2.257,-2.518,-28.3,0.4514,71,57.7,2.37,1.03,2.028,-2.693,-19.37,0.1885,36,50.0,-8.37,0.79,1.739,-2.204,-20.79,-0.4545,0.1854,2.0200000000000014
9,34,10,3.0,14,20,1.2,6,5,110,56.4,5.63,1.05,2.028,-2.502,-26.37,0.3366,74,56.8,5.31,1.06,2.2,-2.722,-28.08,0.304,31,48.4,-6.4,0.82,1.928,-2.207,-16.06,-0.4557,0.18490000000000006,4.539999999999999
9,21,10,2.0,10,20,1.2,6,5,103,56.3,2.62,1.02,2.016,-2.54,-20.89,0.1911,77,57.1,8.45,1.09,2.236,-2.726,-26.49,0.5284,34,50.0,-9.33,0.75,1.646,-2.195,-18.57,-0.5364,0.18310000000000004,1.7400000000000002
13,34,7,2.0,10,14,1.2,6,5,99,53.5,4.68,1.04,2.273,-2.517,-28.3,0.2552,66,57.6,4.94,1.07,2.122,-2.704,-17.96,0.4375,36,47.2,-11.72,0.72,1.791,-2.219,-23.29,-0.513,0.17969999999999997,-2.0999999999999996
13,34,7,3.0,14,20,1.2,6,5,108,56.5,5.92,1.05,2.038,-2.519,-32.6,0.2894,80,56.2,4.71,1.05,2.206,-2.701,-34.84,0.2155,30,50.0,-4.31,0.87,1.928,-2.215,-16.06,-0.3302,0.17470000000000002,6.319999999999999
9,34,14,2.0,10,20,1.2,5,3,507,56.0,24.99,1.04,2.051,-2.499,-57.98,0.6908,457,54.0,-66.31,0.88,2.062,-2.741,-107.97,-0.8294,223,56.1,7.6,1.03,1.815,-2.238,-39.49,0.3032,0.16459999999999997,-33.720000000000006
9,34,14,3.0,14,14,1.2,6,3,114,51.8,-5.58,0.96,2.219,-2.482,-31.36,-0.2508,82,59.8,11.89,1.13,2.087,-2.738,-23.5,0.8775,31,48.4,-6.81,0.81,1.913,-2.219,-16.64,-0.463,0.1636999999999999,-0.4999999999999991
9,21,14,2.0,10,20,1.5,4,5,634,57.6,51.02,1.08,2.003,-2.528,-48.72,1.7382,623,53.3,-132.86,0.84,2.048,-2.793,-153.63,-1.1018,312,53.5,-19.17,0.94,1.806,-2.212,-57.34,-0.4742,0.16220000000000007,-101.01
13,21,14,3.0,14,20,1.5,4,3,713,55.5,15.36,1.02,2.046,-2.507,-90.12,0.2673,701,52.6,-135.96,0.85,2.118,-2.764,-182.45,-0.9636,325,56.0,18.02,1.06,1.878,-2.264,-33.59,0.8582,0.16189999999999993,-102.58000000000001
9,21,7,3.0,14,14,1.5,4,3,725,56.8,38.48,1.05,2.001,-2.511,-69.28,0.9008,713,51.6,-171.62,0.82,2.119,-2.758,-195.5,-1.0853,333,55.9,8.95,1.03,1.827,-2.251,-41.4,0.3379,0.1534000000000001,-124.19000000000001
13,21,7,2.0,14,14,1.2,4,5,630,56.7,43.83,1.06,2.049,-2.519,-59.49,1.2076,623,51.8,-153.55,0.81,2.085,-2.757,-167.82,-1.1247,304,55.3,1.91,1.01,1.816,-2.229,-41.32,0.0705,0.15339999999999998,-107.81000000000002
9,21,10,2.0,10,14,1.2,6,5,106,54.7,6.1,1.05,2.175,-2.501,-28.3,0.3387,77,57.1,3.74,1.04,2.097,-2.683,-22.06,0.2655,36,50.0,-8.37,0.79,1.739,-2.204,-20.79,-0.4545,0.14970000000000006,1.4700000000000006
13,21,10,2.0,10,20,1.2,4,5,631,57.1,51.24,1.07,2.042,-2.524,-59.64,1.4265,628,51.8,-171.02,0.8,2.058,-2.772,-186.52,-1.1022,312,54.8,-5.13,0.98,1.796,-2.215,-43.61,-0.1751,0.14920000000000003,-124.91
13,34,14,3.0,14,14,1.5,6,3,94,54.3,4.46,1.04,2.162,-2.461,-34.56,0.2017,67,56.7,6.04,1.08,2.216,-2.695,-29.65,0.3326,23,47.8,-6.74,0.75,1.825,-2.235,-18.35,-0.3856,0.1487,3.76
9,34,7,2.0,14,20,1.5,6,3,81,55.6,6.28,1.07,2.159,-2.524,-24.16,0.4153,54,55.6,2.08,1.03,2.255,-2.732,-21.56,0.1482,20,45.0,-8.11,0.67,1.799,-2.209,-17.24,-0.4295,0.134,0.25
9,21,14,2.0,10,14,1.5,6,3,84,57.1,8.35,1.09,2.054,-2.507,-27.83,0.4971,66,54.5,1.82,1.02,2.257,-2.648,-27.15,0.1022,30,50.0,-6.5,0.8,1.749,-2.183,-15.74,-0.4668,0.13249999999999995,3.67
13,34,10,2.0,10,14,1.2,6,3,105,53.3,1.09,1.01,2.207,-2.501,-30.61,0.0534,70,57.1,6.8,1.08,2.198,-2.703,-18.86,0.5833,36,47.2,-11.72,0.72,1.791,-2.219,-23.29,-0.513,0.12370000000000003,-3.830000000000001
13,21,10,2.0,10,14,1.5,5,5,453,53.0,-40.83,0.92,2.044,-2.495,-97.29,-0.5867,419,53.7,-67.04,0.87,2.04,-2.711,-122.67,-0.727,195,56.9,18.62,1.1,1.826,-2.192,-21.42,1.4351,0.12140000000000017,-89.25
13,21,7,3.0,10,20,1.5,5,3,484,56.2,18.18,1.03,2.036,-2.526,-61.25,0.4718,429,50.8,-102.3,0.82,2.153,-2.709,-127.48,-0.9859,216,56.5,13.51,1.07,1.805,-2.199,-34.59,0.6327,0.11860000000000004,-70.61
9,34,7,3.0,10,20,1.5,4,3,719,54.5,-19.72,0.98,2.036,-2.501,-101.57,-0.2899,700,51.9,-142.98,0.85,2.172,-2.764,-183.61,-0.9955,332,56.6,26.3,1.08,1.849,-2.232,-30.78,1.4025,0.11709999999999998,-136.39999999999998
13,34,10,2.0,10,20,1.2,6,3,101,55.4,0.33,1.0,2.043,-2.535,-23.2,0.0216,71,56.3,9.05,1.11,2.341,-2.729,-23.27,0.6456,34,47.1,-12.68,0.68,1.696,-2.212,-21.92,-0.5545,0.11269999999999991,-3.299999999999999
9,34,7,3.0,10,14,1.5,4,5,627,56.3,11.56,1.02,1.995,-2.528,-83.08,0.2186,619,51.5,-163.76,0.8,2.072,-2.749,-182.34,-1.0848,285,57.5,22.97,1.09,1.771,-2.21,-39.22,0.9771,0.1109,-129.23
9,34,7,2.0,10,14,1.5,4,5,622,56.3,32.96,1.05,2.057,-2.526,-68.36,0.7782,615,54.3,-74.01,0.9,2.109,-2.77,-114.95,-0.8913,302,56.0,5.73,1.02,1.793,-2.235,-40.4,0.22,0.10690000000000002,-35.32000000000001
9,34,10,3.0,10,14,1.5,5,3,485,54.2,-0.96,1.0,2.109,-2.503,-89.0,-0.0164,439,51.3,-96.93,0.83,2.156,-2.72,-125.96,-0.9624,215,57.7,16.27,1.08,1.758,-2.216,-24.55,1.0856,0.1067999999999999,-81.62
9,21,10,3.0,14,20,1.2,6,3,109,55.0,-7.45,0.94,1.915,-2.497,-30.73,-0.3419,70,57.1,11.94,1.15,2.329,-2.707,-22.68,0.9089,31,48.4,-6.58,0.81,1.928,-2.218,-16.24,-0.4614,0.10560000000000008,-2.0900000000000007
9,21,14,2.0,14,20,1.5,6,3,88,55.7,1.41,1.01,2.011,-2.491,-25.15,0.0852,61,55.7,6.5,1.09,2.344,-2.711,-23.58,0.4485,21,47.6,-7.18,0.71,1.727,-2.222,-16.31,-0.4324,0.10130000000000006,0.7300000000000004
13,34,7,2.0,10,20,1.2,6,5,97,54.6,-0.49,1.0,2.099,-2.54,-21.68,-0.0332,68,57.4,8.56,1.11,2.25,-2.731,-20.74,0.6868,34,47.1,-12.68,0.68,1.696,-2.212,-21.92,-0.5545,0.09909999999999997,-4.609999999999999
9,21,10,2.0,10,14,1.5,6,5,82,57.3,9.81,1.11,2.079,-2.512,-27.83,0.5949,66,54.5,-1.63,0.98,2.159,-2.645,-25.58,-0.0927,29,51.7,-4.8,0.85,1.749,-2.217,-14.26,-0.4033,0.09889999999999999,3.38
13,21,7,3.0,14,14,1.5,5,5,451,56.3,21.42,1.04,2.015,-2.49,-59.6,0.5768,404,51.2,-99.66,0.81,2.091,-2.703,-128.87,-0.9434,199,55.3,8.92,1.05,1.857,-2.195,-30.81,0.4555,0.08889999999999998,-69.32
13,34,7,2.0,10,14,1.5,6,3,78,56.4,8.84,1.1,2.141,-2.511,-28.78,0.5122,58,55.2,0.8,1.01,2.196,-2.672,-21.34,0.0559,30,50.0,-7.29,0.78,1.749,-2.235,-16.75,-0.482,0.08609999999999995,2.3500000000000005
13,21,7,3.0,10,14,1.5,5,3,492,55.3,20.09,1.04,2.108,-2.514,-80.52,0.3966,439,49.9,-118.8,0.8,2.183,-2.713,-140.83,-1.0056,218,56.9,12.55,1.06,1.777,-2.211,-29.1,0.6935,0.08450000000000002,-86.16
9,34,7,3.0,10,14,1.5,5,3,484,54.5,1.53,1.0,2.097,-2.509,-81.88,0.0286,441,50.6,-113.21,0.81,2.155,-2.724,-135.41,-1.0114,217,57.6,17.28,1.08,1.767,-2.213,-26.74,1.065,0.08219999999999983,-94.39999999999999
9,21,14,2.0,14,14,1.2,4,5,634,56.9,41.67,1.06,2.029,-2.531,-52.38,1.2988,635,52.3,-153.62,0.82,2.069,-2.774,-171.29,-1.1096,310,54.2,-3.69,0.99,1.857,-2.223,-47.81,-0.1151,0.07410000000000004,-115.64
9,34,10,3.0,10,14,1.5,4,5,623,56.2,8.45,1.01,1.998,-2.531,-71.72,0.1838,619,51.7,-155.65,0.81,2.084,-2.751,-176.87,-1.0763,284,57.7,22.68,1.09,1.754,-2.208,-39.22,0.9655,0.07299999999999995,-124.52000000000001
9,21,10,2.0,10,14,1.5,4,5,631,57.5,45.72,1.07,1.991,-2.527,-52.5,1.4372,625,53.3,-112.97,0.86,2.104,-2.786,-127.94,-1.1564,309,54.4,-7.61,0.98,1.825,-2.228,-52.55,-0.214,0.06679999999999994,-74.86
9,21,7,3.0,14,20,1.2,5,3,524,55.9,15.12,1.03,2.042,-2.525,-35.99,0.6537,452,49.3,-134.34,0.78,2.177,-2.707,-154.24,-1.0122,234,56.0,8.96,1.04,1.803,-2.206,-33.8,0.4174,0.05889999999999995,-110.25999999999999
13,21,14,2.0,14,14,1.5,5,5,449,55.2,9.84,1.02,2.05,-2.481,-67.0,0.2291,406,54.4,-40.88,0.92,2.074,-2.699,-111.44,-0.5155,194,55.2,5.61,1.03,1.861,-2.224,-25.12,0.3431,0.05670000000000003,-25.430000000000003
13,34,7,2.0,14,14,1.2,4,5,626,55.8,25.77,1.04,2.08,-2.527,-80.98,0.5076,609,52.4,-144.1,0.82,2.054,-2.757,-154.74,-1.1558,296,56.8,17.59,1.06,1.81,-2.238,-40.8,0.7003,0.052100000000000146,-100.74
13,21,10,2.0,10,14,1.2,6,3,109,54.1,4.43,1.04,2.195,-2.502,-30.61,0.2239,75,57.3,4.22,1.05,2.103,-2.693,-23.67,0.2826,36,50.0,-8.37,0.79,1.739,-2.204,-20.79,-0.4545,0.051999999999999935,0.27999999999999936
9,21,7,2.0,14,14,1.5,5,3,500,56.6,34.09,1.06,2.045,-2.509,-51.91,1.0721,438,53.0,-65.11,0.88,2.142,-2.729,-110.48,-0.79,217,55.3,-6.19,0.97,1.767,-2.25,-38.8,-0.2347,0.047400000000000025,-37.209999999999994
13,34,14,3.0,14,14,1.5,6,5,91,54.9,5.31,1.05,2.124,-2.46,-32.06,0.2621,66,56.1,2.17,1.03,2.171,-2.695,-33.52,0.1009,22,50.0,-4.35,0.82,1.825,-2.22,-15.95,-0.3162,0.04680000000000001,3.13
9,21,10,2.0,10,14,1.5,6,3,83,57.8,10.98,1.12,2.06,-2.512,-27.83,0.676,67,53.7,-4.61,0.94,2.159,-2.656,-28.56,-0.2265,29,51.7,-4.8,0.85,1.749,-2.217,-14.26,-0.4033,0.04620000000000002,1.5700000000000003
9,21,10,3.0,14,20,1.2,5,3,522,55.7,11.7,1.02,2.044,-2.524,-35.14,0.5143,456,49.6,-131.26,0.79,2.176,-2.709,-157.9,-0.9751,232,56.5,10.53,1.05,1.786,-2.212,-33.8,0.4959,0.03510000000000002,-109.02999999999999
13,34,7,2.0,10,20,1.5,4,5,620,55.3,20.3,1.03,2.091,-2.516,-85.24,0.3764,604,53.3,-123.31,0.84,2.033,-2.759,-140.8,-1.1219,295,56.9,16.95,1.06,1.78,-2.221,-35.41,0.7743,0.02880000000000016,-86.06
9,34,14,2.0,10,14,1.5,5,3,488,53.9,-17.43,0.97,2.072,-2.5,-96.0,-0.2679,442,53.4,-62.39,0.89,2.117,-2.728,-122.68,-0.6879,208,57.2,17.06,1.09,1.822,-2.245,-28.84,0.9754,0.019600000000000062,-62.75999999999999
13,34,14,2.0,14,20,1.2,6,3,111,55.0,-5.57,0.96,1.974,-2.52,-29.72,-0.2684,72,56.9,13.09,1.16,2.378,-2.723,-29.06,0.7897,28,46.4,-8.49,0.75,1.936,-2.244,-17.48,-0.5031,0.018199999999999883,-0.9700000000000006
9,34,10,3.0,14,20,1.2,4,3,722,55.7,17.02,1.02,2.036,-2.505,-96.46,0.2777,709,51.9,-142.66,0.85,2.167,-2.757,-177.01,-1.0326,333,55.3,12.29,1.04,1.879,-2.237,-24.62,0.7722,0.017300000000000093,-113.35
9,34,7,2.0,14,20,1.2,4,5,631,56.9,54.47,1.08,2.065,-2.525,-58.31,1.5554,608,52.5,-119.63,0.85,2.128,-2.762,-138.24,-1.1136,311,54.3,-17.22,0.95,1.765,-2.222,-57.81,-0.4273,0.014499999999999957,-82.38
13,34,10,3.0,14,20,1.2,4,3,722,56.5,30.47,1.04,2.008,-2.512,-84.77,0.5775,702,51.6,-148.97,0.84,2.174,-2.753,-165.55,-1.1399,335,55.2,10.15,1.03,1.871,-2.24,-27.55,0.5685,0.006100000000000105,-108.35
9,21,10,3.0,14,20,1.2,6,5,107,56.1,-2.71,0.98,1.915,-2.502,-30.05,-0.1329,69,56.5,8.07,1.1,2.289,-2.707,-26.54,0.5044,30,50.0,-4.19,0.87,1.928,-2.207,-13.85,-0.3695,0.0019999999999999463,1.17
9,21,10,2.0,10,20,1.5,5,3,507,54.6,-11.14,0.98,2.051,-2.518,-74.98,-0.2224,447,54.1,-58.22,0.9,2.074,-2.732,-112.29,-0.7098,221,57.0,17.37,1.08,1.805,-2.211,-30.77,0.9292,-0.0029999999999998916,-51.989999999999995
13,34,10,3.0,14,14,1.5,6,3,94,54.3,4.46,1.04,2.162,-2.461,-34.56,0.2017,68,55.9,3.37,1.04,2.216,-2.694,-29.65,0.1787,23,47.8,-6.74,0.75,1.825,-2.235,-18.35,-0.3856,-0.005200000000000038,1.0899999999999999
9,34,14,3.0,10,20,1.5,4,3,712,54.6,-0.96,1.0,2.078,-2.506,-92.32,-0.0159,701,52.2,-132.15,0.86,2.172,-2.768,-183.46,-0.935,332,56.3,20.23,1.06,1.841,-2.235,-34.73,0.9403,-0.010600000000000054,-112.88000000000001
9,34,7,2.0,14,20,1.2,5,3,503,55.1,-4.5,0.99,2.032,-2.511,-63.8,-0.1068,439,53.3,-66.33,0.88,2.102,-2.723,-115.06,-0.7721,216,57.4,15.14,1.07,1.797,-2.257,-28.64,0.8629,-0.016000000000000014,-55.69
13,21,7,2.0,10,14,1.5,6,5,80,56.2,10.05,1.11,2.177,-2.512,-28.78,0.5874,60,55.0,-3.33,0.95,2.068,-2.651,-23.45,-0.2011,29,51.7,-4.8,0.85,1.749,-2.217,-14.26,-0.4033,-0.01699999999999996,1.9200000000000008
9,21,14,2.0,10,14,1.5,4,5,631,57.5,45.72,1.07,1.992,-2.527,-52.32,1.4417,625,53.8,-103.45,0.87,2.094,-2.792,-118.14,-1.1639,310,53.9,-11.86,0.96,1.832,-2.223,-57.59,-0.2999,-0.022099999999999953,-69.59
9,21,10,2.0,14,14,1.2,4,5,633,56.7,42.2,1.06,2.048,-2.53,-52.56,1.31,635,52.1,-154.53,0.82,2.079,-2.772,-179.46,-1.0638,310,53.9,-10.15,0.97,1.846,-2.227,-54.14,-0.2742,-0.028000000000000025,-122.48
13,34,14,3.0,14,14,1.2,4,3,722,56.6,52.54,1.07,2.055,-2.517,-81.06,1.0698,704,51.6,-157.77,0.83,2.155,-2.756,-178.27,-1.1099,338,55.0,0.06,1.0,1.837,-2.248,-40.58,0.0022,-0.037900000000000024,-105.17000000000002
13,34,7,3.0,14,14,1.2,6,5,110,53.6,0.23,1.0,2.166,-2.502,-30.59,0.0114,87,57.5,3.68,1.04,2.08,-2.712,-34.87,0.1677,29,51.7,-2.33,0.92,1.913,-2.216,-14.03,-0.2178,-0.03870000000000001,1.58
9,34,7,2.0,10,20,1.2,4,5,629,56.6,45.9,1.07,2.068,-2.528,-67.95,1.1119,616,53.2,-107.45,0.87,2.108,-2.774,-134.76,-1.0497,313,55.6,-3.06,0.99,1.758,-2.223,-45.21,-0.1019,-0.03969999999999997,-64.61
9,34,14,2.0,14,14,1.2,5,3,517,54.7,-14.69,0.97,2.009,-2.493,-86.81,-0.2523,458,52.4,-92.08,0.84,2.085,-2.718,-159.07,-0.7404,225,56.4,13.7,1.06,1.844,-2.25,-22.92,0.9517,-0.040999999999999925,-93.07
9,34,10,3.0,10,20,1.5,5,3,480,55.4,6.06,1.01,2.047,-2.516,-70.56,0.1331,431,51.7,-88.23,0.84,2.142,-2.721,-120.42,-0.9307,212,57.1,14.11,1.07,1.775,-2.206,-30.51,0.7528,-0.04479999999999995,-68.06
13,21,7,2.0,10,14,1.5,6,3,81,56.8,11.21,1.13,2.155,-2.512,-28.78,0.6658,61,54.1,-6.31,0.92,2.068,-2.663,-26.44,-0.3246,29,51.7,-4.8,0.85,1.749,-2.217,-14.26,-0.4033,-0.062100000000000044,0.10000000000000142
13,21,7,2.0,14,20,1.5,6,5,81,55.6,3.13,1.03,2.091,-2.527,-23.1,0.2092,55,54.5,-0.66,0.99,2.255,-2.733,-23.33,-0.0415,19,52.6,-2.15,0.89,1.727,-2.157,-11.69,-0.2299,-0.062200000000000005,0.31999999999999984
13,21,10,3.0,14,14,1.2,6,3,111,51.4,-14.49,0.89,2.097,-2.481,-36.18,-0.5259,81,59.3,10.99,1.12,2.106,-2.73,-22.31,0.8426,30,50.0,-4.6,0.86,1.913,-2.219,-14.43,-0.3853,-0.0686,-8.1
9,21,14,3.0,14,14,1.2,6,5,107,53.3,-3.93,0.97,2.107,-2.48,-25.86,-0.2173,76,57.9,6.25,1.07,2.129,-2.732,-26.78,0.3808,29,51.7,-2.21,0.93,1.913,-2.207,-12.03,-0.2384,-0.07489999999999997,0.10999999999999988
13,34,10,3.0,14,14,1.5,6,5,91,54.9,5.31,1.05,2.124,-2.46,-32.06,0.2621,67,55.2,-0.49,0.99,2.171,-2.694,-33.52,-0.0221,22,50.0,-4.35,0.82,1.825,-2.22,-15.95,-0.3162,-0.07619999999999999,0.46999999999999975
9,34,7,3.0,10,20,1.5,5,3,477,55.6,6.12,1.01,2.042,-2.523,-65.86,0.144,432,51.2,-101.48,0.82,2.141,-2.723,-126.83,-0.988,214,57.0,15.17,1.07,1.785,-2.203,-32.65,0.761,-0.08299999999999996,-80.19
13,34,7,3.0,14,14,1.2,6,3,114,52.6,-3.35,0.98,2.198,-2.505,-35.83,-0.1353,88,58.0,7.55,1.08,2.115,-2.712,-31.0,0.4007,30,50.0,-4.73,0.86,1.913,-2.228,-16.43,-0.3493,-0.08390000000000003,-0.5300000000000011
13,21,10,3.0,14,14,1.2,6,5,108,52.8,-7.01,0.94,2.097,-2.481,-31.14,-0.3148,80,58.8,7.12,1.08,2.068,-2.73,-25.04,0.4686,29,51.7,-2.21,0.93,1.913,-2.207,-12.03,-0.2384,-0.08460000000000001,-2.0999999999999996
13,21,10,2.0,10,20,1.5,5,3,496,54.0,-26.86,0.95,2.042,-2.518,-82.61,-0.4717,436,55.0,-30.37,0.94,2.102,-2.729,-93.55,-0.4697,217,56.7,17.19,1.08,1.829,-2.21,-33.52,0.845,-0.09640000000000004,-40.040000000000006
9,34,7,2.0,10,20,1.2,6,5,97,54.6,-0.49,1.0,2.099,-2.54,-21.68,-0.0332,68,57.4,5.74,1.07,2.166,-2.716,-18.63,0.4937,35,48.6,-11.82,0.7,1.646,-2.212,-21.06,-0.5597,-0.09919999999999995,-6.57
13,21,7,2.0,14,20,1.5,6,3,83,55.4,4.57,1.05,2.13,-2.525,-23.1,0.3093,55,54.5,-0.66,0.99,2.255,-2.733,-23.33,-0.0415,20,50.0,-4.54,0.79,1.727,-2.181,-13.67,-0.3676,-0.09979999999999994,-0.6299999999999999
9,34,10,2.0,10,20,1.2,6,3,101,55.4,0.33,1.0,2.043,-2.535,-23.2,0.0216,71,56.3,6.23,1.07,2.259,-2.714,-23.01,0.4357,35,48.6,-11.82,0.7,1.646,-2.212,-21.06,-0.5597,-0.10239999999999999,-5.26
9,21,14,2.0,10,20,1.2,6,3,106,55.7,-1.15,0.99,1.997,-2.531,-23.2,-0.0733,78,56.4,9.49,1.1,2.317,-2.72,-30.47,0.52,34,47.1,-11.93,0.69,1.694,-2.168,-21.17,-0.5494,-0.10270000000000001,-3.59
13,21,7,2.0,14,20,1.5,5,3,476,54.6,-18.26,0.97,2.023,-2.52,-69.76,-0.3855,425,53.4,-54.99,0.9,2.125,-2.714,-111.65,-0.6723,205,57.1,16.28,1.08,1.83,-2.248,-28.15,0.9494,-0.10840000000000005,-56.97
9,34,7,3.0,14,20,1.2,6,3,110,55.5,-2.12,0.98,1.987,-2.517,-35.11,-0.0896,80,56.2,6.37,1.07,2.246,-2.705,-26.0,0.3936,31,48.4,-6.71,0.81,1.928,-2.226,-18.45,-0.4154,-0.1114,-2.46
13,21,10,3.0,14,14,1.2,5,3,530,55.8,21.33,1.04,2.051,-2.503,-76.13,0.4468,463,49.5,-136.54,0.78,2.16,-2.698,-160.52,-0.9902,235,57.0,9.48,1.04,1.748,-2.226,-34.92,0.4318,-0.11159999999999998,-105.72999999999999
9,21,10,2.0,14,20,1.5,4,5,632,56.6,41.79,1.06,2.046,-2.521,-52.64,1.2942,623,52.3,-139.34,0.83,2.1,-2.774,-162.26,-1.0802,311,54.0,-10.46,0.97,1.827,-2.219,-46.26,-0.3297,-0.11570000000000003,-108.01000000000002
9,34,14,3.0,14,14,1.5,6,5,90,55.6,8.41,1.09,2.13,-2.452,-29.25,0.4698,64,54.7,-3.65,0.95,2.137,-2.705,-31.09,-0.1676,23,47.8,-6.43,0.76,1.825,-2.209,-15.95,-0.4247,-0.1225,-1.67
13,21,10,2.0,14,14,1.2,5,3,528,54.7,-11.63,0.98,2.036,-2.51,-74.17,-0.2348,464,52.8,-78.49,0.87,2.106,-2.714,-146.77,-0.7044,229,56.8,14.24,1.06,1.823,-2.25,-28.34,0.8098,-0.12940000000000007,-75.88
13,21,10,3.0,14,20,1.5,4,3,715,55.4,7.18,1.01,2.036,-2.506,-93.21,0.1194,703,52.9,-127.5,0.86,2.112,-2.759,-170.31,-0.9792,323,55.7,14.05,1.04,1.877,-2.265,-30.42,0.7263,-0.13349999999999995,-106.27
13,34,7,2.0,14,14,1.5,4,5,624,55.8,20.96,1.03,2.054,-2.514,-86.67,0.3836,597,53.1,-109.98,0.86,2.085,-2.753,-117.64,-1.2168,293,56.7,17.55,1.06,1.82,-2.24,-40.82,0.6981,-0.1351000000000001,-71.47000000000001
9,34,10,3.0,14,14,1.2,6,5,110,53.6,1.62,1.01,2.172,-2.481,-26.6,0.0912,83,57.8,2.72,1.03,2.05,-2.733,-30.0,0.1426,30,50.0,-4.42,0.87,1.913,-2.207,-14.24,-0.3766,-0.14279999999999998,-0.08000000000000007
13,34,7,3.0,10,20,1.5,4,3,719,54.8,-24.19,0.97,2.004,-2.504,-123.33,-0.2923,691,51.5,-144.16,0.84,2.18,-2.748,-159.26,-1.1495,330,56.1,23.16,1.07,1.875,-2.232,-28.83,1.2987,-0.1431,-145.19
13,34,10,2.0,10,20,1.2,4,5,631,55.2,19.1,1.03,2.103,-2.518,-100.01,0.3012,612,52.5,-139.43,0.83,2.067,-2.759,-156.11,-1.118,301,56.5,13.14,1.04,1.796,-2.231,-31.28,0.6653,-0.15150000000000008,-107.19000000000001
9,21,14,3.0,14,14,1.2,6,3,110,51.8,-11.41,0.91,2.107,-2.481,-30.9,-0.4958,77,58.4,10.12,1.12,2.167,-2.732,-23.59,0.7273,30,50.0,-4.6,0.86,1.913,-2.219,-14.43,-0.3853,-0.15380000000000005,-5.890000000000001
9,21,7,3.0,14,14,1.5,5,3,493,56.6,36.13,1.07,2.059,-2.516,-48.34,1.2237,438,49.8,-119.99,0.8,2.183,-2.709,-141.5,-1.0072,227,53.7,-11.06,0.95,1.817,-2.217,-42.75,-0.3703,-0.1538000000000001,-94.91999999999999
13,21,10,2.0,10,14,1.5,5,3,500,53.8,-21.58,0.96,2.077,-2.512,-93.14,-0.3395,448,53.8,-51.97,0.91,2.124,-2.724,-114.02,-0.6309,213,56.8,14.47,1.07,1.812,-2.226,-28.89,0.8128,-0.15760000000000007,-59.08
13,21,7,2.0,10,20,1.2,5,3,519,55.1,2.2,1.0,2.062,-2.521,-70.39,0.048,455,53.6,-68.06,0.88,2.082,-2.73,-104.09,-0.8774,228,57.0,14.68,1.07,1.79,-2.224,-36.22,0.661,-0.16839999999999988,-51.18
9,34,7,2.0,10,14,1.5,6,5,77,55.8,7.67,1.09,2.163,-2.511,-28.78,0.4373,58,55.2,-1.82,0.97,2.094,-2.648,-20.71,-0.1268,30,50.0,-7.29,0.78,1.749,-2.235,-16.75,-0.482,-0.17149999999999999,-1.4400000000000004
9,21,14,2.0,10,20,1.5,5,5,454,55.1,-6.37,0.99,2.024,-2.511,-64.78,-0.1482,411,55.5,-45.06,0.91,1.981,-2.715,-98.99,-0.6371,199,55.8,10.28,1.05,1.836,-2.199,-26.63,0.61,-0.1753,-41.15
9,34,10,3.0,10,20,1.5,4,3,716,54.7,-5.53,0.99,2.055,-2.504,-89.05,-0.0944,705,52.1,-137.98,0.85,2.169,-2.763,-181.25,-0.9811,332,56.0,17.92,1.06,1.846,-2.229,-31.83,0.8988,-0.17669999999999986,-125.58999999999999
13,34,10,3.0,14,14,1.5,4,3,720,55.8,13.91,1.02,2.017,-2.506,-97.99,0.2228,694,51.6,-147.2,0.84,2.166,-2.745,-168.03,-1.1094,332,56.0,11.13,1.03,1.816,-2.237,-24.52,0.7034,-0.18319999999999992,-122.16
13,34,14,2.0,14,14,1.5,6,3,90,54.4,0.67,1.01,2.064,-2.451,-30.27,0.0334,67,55.2,3.1,1.04,2.274,-2.701,-34.24,0.1419,21,47.6,-5.67,0.77,1.918,-2.259,-16.49,-0.3694,-0.1941,-1.9
13,21,14,2.0,10,14,1.2,5,3,530,54.5,-13.38,0.98,2.052,-2.517,-91.96,-0.2175,482,53.3,-87.36,0.86,2.046,-2.725,-135.69,-0.8403,232,56.9,16.12,1.07,1.808,-2.226,-30.43,0.8629,-0.19490000000000007,-84.61999999999999
9,34,7,2.0,10,14,1.2,6,5,99,53.5,4.68,1.04,2.273,-2.517,-28.3,0.2552,68,57.4,0.55,1.01,2.015,-2.691,-19.25,0.0432,37,48.6,-10.86,0.74,1.739,-2.219,-23.29,-0.4935,-0.1951,-5.63
9,34,10,2.0,14,14,1.5,5,3,485,55.1,-0.05,1.0,2.038,-2.496,-66.72,-0.0013,427,53.4,-51.44,0.9,2.145,-2.716,-120.5,-0.5877,208,56.2,7.04,1.03,1.82,-2.263,-28.1,0.3912,-0.19779999999999998,-44.449999999999996
9,21,7,2.0,14,20,1.5,4,5,631,56.6,40.73,1.06,2.046,-2.517,-52.51,1.262,622,52.3,-140.18,0.83,2.097,-2.766,-162.25,-1.0843,311,54.0,-12.71,0.96,1.813,-2.219,-48.51,-0.3797,-0.202,-112.16000000000003
13,34,14,2.0,14,20,1.2,6,5,108,55.6,-4.91,0.96,1.939,-2.526,-27.81,-0.2546,71,56.3,9.23,1.11,2.341,-2.723,-31.18,0.4973,27,48.1,-6.1,0.81,1.936,-2.233,-15.08,-0.452,-0.20929999999999999,-1.7799999999999994
9,21,14,2.0,10,14,1.2,6,3,110,53.6,-0.39,1.0,2.153,-2.499,-30.61,-0.0191,78,56.4,4.78,1.05,2.178,-2.679,-26.04,0.2908,37,48.6,-10.07,0.76,1.739,-2.177,-22.5,-0.4821,-0.21039999999999998,-5.68
9,21,10,2.0,14,20,1.5,6,5,86,55.8,0.26,1.0,1.978,-2.492,-25.15,0.0154,62,54.8,0.07,1.0,2.24,-2.717,-24.99,0.004,19,52.6,-2.15,0.89,1.727,-2.157,-11.69,-0.2299,-0.2105,-1.8199999999999998
9,34,7,2.0,10,20,1.5,4,5,623,56.2,37.84,1.05,2.076,-2.522,-59.42,1.0317,614,53.4,-113.76,0.86,2.066,-2.768,-135.86,-1.0919,307,55.4,-5.26,0.98,1.761,-2.223,-49.83,-0.158,-0.21820000000000003,-81.18
9,21,14,3.0,14,14,1.5,4,3,720,56.7,39.33,1.05,2.02,-2.516,-74.42,0.8579,705,52.2,-146.72,0.84,2.133,-2.765,-182.66,-1.0244,335,54.6,-2.23,0.99,1.854,-2.246,-50.81,-0.0661,-0.23259999999999997,-109.62
9,34,14,2.0,10,20,1.5,5,3,484,54.1,-20.05,0.96,2.052,-2.512,-86.27,-0.3414,431,54.3,-46.31,0.91,2.111,-2.742,-108.55,-0.5964,211,56.4,13.6,1.07,1.836,-2.226,-31.16,0.7051,-0.23270000000000002,-52.76
9,21,10,2.0,10,14,1.5,5,3,509,55.0,2.62,1.0,2.063,-2.512,-75.35,0.0535,457,53.2,-70.98,0.88,2.109,-2.727,-121.28,-0.781,218,56.4,9.23,1.04,1.797,-2.229,-29.52,0.4937,-0.2338,-59.129999999999995
9,34,10,3.0,14,14,1.5,6,5,90,55.6,8.41,1.09,2.13,-2.452,-29.25,0.4698,65,53.8,-6.31,0.92,2.137,-2.703,-31.09,-0.279,23,47.8,-6.43,0.76,1.825,-2.209,-15.95,-0.4247,-0.23390000000000005,-4.329999999999999
13,34,14,3.0,14,14,1.5,4,3,718,56.0,24.59,1.03,2.032,-2.507,-100.78,0.3886,691,51.4,-145.81,0.84,2.192,-2.75,-172.81,-1.0695,334,56.0,9.11,1.03,1.811,-2.241,-31.66,0.4469,-0.23399999999999982,-112.11
9,34,7,3.0,14,20,1.2,6,5,108,56.5,2.82,1.02,1.987,-2.519,-32.6,0.1345,78,55.1,-0.96,0.99,2.179,-2.705,-33.34,-0.0431,30,50.0,-4.31,0.87,1.928,-2.215,-16.06,-0.3302,-0.23879999999999998,-2.4499999999999997
9,34,7,3.0,10,14,1.5,4,3,722,54.6,-25.63,0.97,2.022,-2.507,-108.23,-0.3514,703,50.9,-171.33,0.82,2.191,-2.77,-205.38,-1.0283,334,56.3,20.74,1.06,1.841,-2.228,-29.4,1.134,-0.24570000000000003,-176.22
13,21,7,2.0,14,14,1.5,4,5,626,56.4,33.45,1.05,2.037,-2.511,-64.16,0.842,613,53.0,-113.65,0.86,2.096,-2.76,-125.8,-1.1755,302,55.3,2.18,1.01,1.82,-2.235,-38.97,0.0855,-0.248,-78.02
13,34,14,3.0,10,20,1.5,4,3,711,55.1,1.02,1.0,2.044,-2.509,-111.56,0.0141,689,52.1,-122.13,0.87,2.193,-2.756,-149.33,-1.0698,330,55.8,17.04,1.05,1.866,-2.235,-33.64,0.8065,-0.2492000000000001,-104.07
9,34,7,2.0,10,14,1.5,6,3,78,56.4,8.84,1.1,2.141,-2.511,-28.78,0.5122,59,54.2,-4.81,0.93,2.094,-2.66,-23.69,-0.2802,30,50.0,-7.29,0.78,1.749,-2.235,-16.75,-0.482,-0.25,-3.26
9,21,14,2.0,14,20,1.5,4,5,633,56.9,41.21,1.06,2.027,-2.522,-52.46,1.2815,620,52.6,-144.71,0.82,2.065,-2.782,-163.25,-1.1064,311,53.7,-15.07,0.95,1.822,-2.218,-50.9,-0.4253,-0.2502,-118.57
9,34,7,3.0,10,14,1.2,4,5,630,55.4,-11.2,0.98,2.001,-2.525,-100.81,-0.1682,635,50.9,-191.45,0.78,2.06,-2.746,-217.17,-1.0281,287,57.8,20.55,1.08,1.737,-2.213,-35.97,0.9447,-0.25159999999999993,-182.09999999999997
9,34,7,2.0,14,14,1.5,5,3,481,55.3,7.91,1.01,2.049,-2.498,-62.46,0.1963,424,53.3,-55.02,0.9,2.142,-2.722,-113.64,-0.6607,207,56.0,4.22,1.02,1.81,-2.261,-30.92,0.2104,-0.2539999999999999,-42.89
9,21,10,2.0,14,20,1.5,6,3,88,55.7,1.7,1.02,2.017,-2.491,-25.15,0.1028,62,54.8,0.07,1.0,2.24,-2.717,-24.99,0.004,20,50.0,-4.54,0.79,1.727,-2.181,-13.67,-0.3676,-0.2608,-2.77
13,34,10,2.0,10,14,1.5,4,5,622,55.6,30.49,1.04,2.092,-2.512,-89.01,0.5503,610,52.8,-124.87,0.84,2.074,-2.753,-139.53,-1.1438,294,55.8,8.93,1.03,1.836,-2.247,-42.7,0.328,-0.2654999999999999,-85.45000000000002
13,21,7,2.0,10,20,1.2,6,3,103,55.3,1.72,1.01,2.076,-2.535,-23.2,0.1118,74,56.8,3.05,1.03,2.158,-2.737,-30.41,0.1576,34,50.0,-9.33,0.75,1.646,-2.195,-18.57,-0.5364,-0.267,-4.5600000000000005
9,21,10,2.0,14,14,1.5,4,5,629,56.9,42.13,1.06,2.027,-2.522,-53.51,1.2876,625,53.0,-120.9,0.85,2.104,-2.78,-139.09,-1.1248,310,53.2,-17.47,0.95,1.855,-2.231,-57.28,-0.4346,-0.27179999999999993,-96.24000000000001
9,34,10,2.0,10,14,1.2,6,3,105,53.3,1.09,1.01,2.207,-2.501,-30.61,0.0534,72,56.9,2.41,1.03,2.094,-2.692,-22.16,0.1681,37,48.6,-10.86,0.74,1.739,-2.219,-23.29,-0.4935,-0.272,-7.359999999999999
9,21,7,3.0,14,20,1.2,6,5,107,56.1,-3.47,0.97,1.915,-2.519,-32.6,-0.1564,73,54.8,1.79,1.02,2.265,-2.691,-32.7,0.0841,29,51.7,-2.1,0.93,1.928,-2.216,-13.85,-0.2004,-0.2727,-3.7800000000000002
13,21,7,3.0,14,20,1.5,4,3,718,55.4,-1.45,1.0,2.011,-2.505,-100.17,-0.0223,701,52.2,-144.65,0.84,2.124,-2.753,-177.01,-1.0428,326,56.4,17.72,1.06,1.845,-2.266,-35.96,0.7913,-0.27379999999999993,-128.38
9,21,7,2.0,10,20,1.2,6,5,101,55.4,0.65,1.01,2.053,-2.54,-20.89,0.0467,77,57.1,3.58,1.04,2.126,-2.726,-26.49,0.2131,34,50.0,-9.33,0.75,1.646,-2.195,-18.57,-0.5364,-0.27659999999999996,-5.1
9,34,14,3.0,14,14,1.5,6,3,92,54.3,3.48,1.03,2.13,-2.453,-31.76,0.1693,65,55.4,0.22,1.0,2.185,-2.705,-27.22,0.0121,24,45.8,-8.82,0.69,1.825,-2.223,-18.35,-0.4621,-0.2807,-5.12
9,21,7,2.0,10,14,1.2,6,5,103,54.4,5.82,1.05,2.218,-2.518,-28.3,0.3219,76,56.6,-2.5,0.97,2.001,-2.683,-24.23,-0.1506,36,50.0,-8.37,0.79,1.739,-2.204,-20.79,-0.4545,-0.2832,-5.049999999999999
9,21,7,3.0,14,20,1.2,6,3,108,55.6,-5.9,0.95,1.915,-2.517,-32.6,-0.2599,74,55.4,5.66,1.06,2.304,-2.691,-28.83,0.3137,30,50.0,-4.5,0.87,1.928,-2.227,-16.24,-0.3386,-0.28480000000000005,-4.74
13,21,7,3.0,14,14,1.2,6,5,107,53.3,-5.28,0.96,2.097,-2.496,-29.41,-0.2548,83,56.6,-0.37,1.0,2.07,-2.713,-32.05,-0.0174,28,53.6,-0.12,1.0,1.913,-2.216,-11.82,-0.0145,-0.2867,-5.7700000000000005
9,21,10,2.0,10,20,1.2,6,3,105,56.2,1.48,1.01,2.002,-2.535,-23.2,0.0966,79,55.7,3.05,1.03,2.236,-2.724,-31.89,0.1492,34,50.0,-9.33,0.75,1.646,-2.195,-18.57,-0.5364,-0.29059999999999997,-4.800000000000001
13,21,14,2.0,10,20,1.2,5,5,464,55.6,17.12,1.03,2.068,-2.506,-57.03,0.4744,427,54.3,-68.81,0.87,1.984,-2.713,-107.34,-0.8527,206,54.9,2.0,1.01,1.83,-2.201,-35.02,0.0868,-0.29150000000000004,-49.69
9,21,10,2.0,10,20,1.2,5,3,534,55.2,2.91,1.0,2.051,-2.52,-68.97,0.0649,475,53.3,-82.72,0.86,2.07,-2.732,-115.02,-0.9438,233,56.7,13.94,1.06,1.805,-2.221,-38.7,0.5841,-0.29480000000000006,-65.87
9,21,7,3.0,10,14,1.5,4,3,724,56.8,36.03,1.05,2.005,-2.517,-69.52,0.8375,712,51.5,-161.6,0.83,2.156,-2.762,-184.93,-1.0938,340,55.3,-1.29,1.0,1.807,-2.244,-46.74,-0.0418,-0.2981000000000001,-126.86
9,21,10,2.0,14,14,1.5,5,3,504,56.2,22.67,1.04,2.036,-2.504,-59.31,0.611,440,53.2,-59.05,0.89,2.145,-2.724,-115.46,-0.695,219,55.3,-5.58,0.97,1.777,-2.251,-38.19,-0.2154,-0.2994,-41.959999999999994
9,21,14,2.0,14,14,1.5,4,5,630,57.1,41.61,1.06,2.008,-2.523,-53.34,1.2768,624,53.0,-119.64,0.85,2.102,-2.783,-134.28,-1.1549,310,53.2,-16.89,0.95,1.857,-2.23,-56.82,-0.4243,-0.3024000000000001,-94.92
9,21,7,2.0,14,14,1.5,4,5,628,56.7,37.84,1.06,2.029,-2.516,-56.2,1.0939,622,53.2,-107.16,0.87,2.113,-2.772,-128.07,-1.1031,309,54.0,-9.92,0.97,1.842,-2.236,-48.8,-0.2973,-0.3064999999999999,-79.24
13,21,7,3.0,14,14,1.2,5,3,534,55.6,18.16,1.03,2.061,-2.507,-75.93,0.3786,461,49.5,-139.15,0.78,2.152,-2.703,-156.38,-1.0295,237,56.5,7.61,1.03,1.764,-2.222,-34.92,0.3429,-0.30800000000000005,-113.38000000000001
9,21,7,2.0,14,20,1.5,5,3,487,55.6,-2.99,0.99,2.002,-2.526,-52.28,-0.0867,435,53.1,-65.57,0.88,2.118,-2.72,-107.33,-0.8171,211,56.9,10.86,1.05,1.795,-2.247,-29.65,0.5853,-0.3185,-57.69999999999999
13,21,10,3.0,14,20,1.2,5,3,522,55.2,3.2,1.01,2.055,-2.515,-64.94,0.0757,451,49.9,-120.68,0.8,2.176,-2.7,-145.43,-0.991,232,56.9,11.68,1.05,1.762,-2.209,-31.63,0.5912,-0.32410000000000005,-105.80000000000001
13,21,7,2.0,14,14,1.5,5,3,490,55.3,11.63,1.02,2.068,-2.506,-66.22,0.2745,431,53.6,-49.88,0.91,2.139,-2.72,-107.16,-0.6434,210,55.7,0.94,1.0,1.799,-2.254,-36.3,0.0394,-0.32949999999999996,-37.31
13,34,7,3.0,14,14,1.2,4,3,727,55.8,9.93,1.01,2.013,-2.515,-99.71,0.1556,704,51.3,-174.67,0.81,2.13,-2.751,-191.11,-1.1209,336,56.0,12.12,1.04,1.83,-2.243,-29.81,0.6356,-0.3297,-152.61999999999998
9,34,10,2.0,14,20,1.2,5,3,509,54.4,-20.06,0.97,2.025,-2.505,-73.92,-0.3992,442,53.2,-67.71,0.88,2.11,-2.722,-122.45,-0.7391,217,57.1,15.12,1.07,1.813,-2.254,-31.02,0.7956,-0.3427000000000001,-72.64999999999999
13,21,14,2.0,14,20,1.2,4,5,634,56.6,38.06,1.05,2.036,-2.519,-65.08,0.9516,624,51.4,-178.16,0.79,2.052,-2.762,-193.44,-1.0922,312,54.5,-6.44,0.98,1.813,-2.215,-44.87,-0.2125,-0.3531000000000001,-146.54
9,21,14,3.0,10,14,1.5,4,3,715,56.6,43.3,1.06,2.039,-2.524,-68.95,1.0234,711,51.2,-169.83,0.82,2.17,-2.766,-196.77,-1.0686,341,54.3,-12.79,0.96,1.822,-2.242,-60.0,-0.3117,-0.3568999999999999,-139.32000000000002
13,34,14,2.0,14,20,1.2,4,5,633,55.1,10.61,1.01,2.077,-2.516,-98.44,0.168,608,51.6,-163.19,0.8,2.059,-2.754,-177.33,-1.108,303,56.4,12.42,1.04,1.791,-2.226,-33.8,0.5822,-0.3578,-140.16
9,34,7,2.0,14,20,1.5,4,5,623,56.5,43.48,1.06,2.063,-2.519,-58.71,1.2122,606,53.1,-116.09,0.85,2.083,-2.77,-138.65,-1.0851,305,54.1,-20.45,0.93,1.765,-2.226,-59.67,-0.4853,-0.3582,-93.06000000000002
13,34,14,2.0,14,14,1.5,6,5,88,54.5,-0.98,0.99,2.022,-2.451,-30.27,-0.0481,66,54.5,-0.76,0.99,2.23,-2.701,-35.01,-0.0324,20,50.0,-3.28,0.85,1.918,-2.246,-14.09,-0.278,-0.35850000000000004,-5.02
9,34,7,2.0,14,14,1.2,4,5,630,56.2,37.95,1.05,2.076,-2.525,-62.01,0.9918,615,52.7,-121.07,0.85,2.111,-2.766,-138.32,-1.1273,303,54.8,-8.11,0.97,1.79,-2.228,-51.72,-0.2317,-0.36719999999999997,-91.22999999999999
9,21,7,2.0,10,14,1.5,6,3,81,56.8,9.01,1.1,2.107,-2.512,-28.78,0.5233,65,52.3,-12.61,0.85,2.05,-2.656,-31.44,-0.5014,29,51.7,-4.8,0.85,1.749,-2.217,-14.26,-0.4033,-0.38139999999999996,-8.399999999999999
9,21,7,3.0,10,20,1.5,4,3,720,56.0,18.44,1.02,2.02,-2.509,-82.83,0.351,707,52.5,-137.26,0.85,2.132,-2.763,-166.76,-1.0631,336,55.7,8.43,1.03,1.842,-2.255,-40.0,0.3283,-0.3838,-110.38999999999999
9,34,10,3.0,10,14,1.2,4,5,626,55.3,-14.23,0.98,2.004,-2.528,-89.37,-0.2396,634,51.3,-176.12,0.79,2.07,-2.747,-206.88,-1.0156,286,57.7,19.03,1.07,1.735,-2.208,-35.97,0.8697,-0.38550000000000006,-171.32
9,21,10,3.0,14,14,1.5,5,3,489,56.0,27.42,1.05,2.069,-2.509,-47.83,0.9206,439,50.1,-112.63,0.81,2.186,-2.71,-140.88,-0.9655,225,54.2,-9.49,0.96,1.799,-2.223,-39.91,-0.3429,-0.38780000000000003,-94.69999999999999
9,34,10,3.0,14,14,1.2,6,3,114,51.8,-8.36,0.94,2.172,-2.482,-34.15,-0.3389,84,58.3,6.59,1.07,2.087,-2.733,-26.13,0.411,31,48.4,-6.81,0.81,1.913,-2.219,-16.64,-0.463,-0.3909,-8.579999999999998
9,21,7,2.0,10,14,1.5,6,5,80,56.2,7.84,1.09,2.128,-2.512,-28.78,0.4484,64,53.1,-9.63,0.88,2.05,-2.645,-28.46,-0.4397,29,51.7,-4.8,0.85,1.749,-2.217,-14.26,-0.4033,-0.39459999999999995,-6.590000000000001
13,34,7,3.0,14,14,1.5,6,3,92,54.3,2.42,1.02,2.115,-2.46,-36.61,0.1016,72,54.2,-2.91,0.97,2.192,-2.679,-33.44,-0.1258,23,47.8,-6.74,0.75,1.825,-2.235,-18.35,-0.3856,-0.4098,-7.23
13,34,10,3.0,14,14,1.2,4,3,723,56.3,32.2,1.04,2.032,-2.515,-82.06,0.6305,706,52.0,-153.05,0.84,2.127,-2.754,-169.48,-1.1407,336,55.1,2.08,1.01,1.843,-2.244,-33.44,0.0941,-0.4161000000000001,-118.77000000000001
13,34,14,2.0,14,14,1.2,6,3,112,51.8,-11.89,0.91,2.117,-2.494,-32.55,-0.4904,81,58.0,9.3,1.1,2.176,-2.734,-33.21,0.4725,28,50.0,-5.62,0.82,1.845,-2.246,-16.31,-0.3997,-0.4176,-8.21
13,34,7,3.0,14,14,1.5,6,5,89,55.1,3.27,1.03,2.074,-2.46,-34.1,0.1491,71,53.5,-6.77,0.92,2.148,-2.679,-37.3,-0.2506,22,50.0,-4.35,0.82,1.825,-2.22,-15.95,-0.3162,-0.41769999999999996,-7.85
13,21,14,3.0,14,14,1.5,6,3,89,53.9,-2.65,0.97,2.039,-2.451,-33.79,-0.1142,63,55.6,1.99,1.03,2.213,-2.696,-24.63,0.1236,23,47.8,-6.61,0.75,1.825,-2.224,-16.13,-0.4292,-0.4198,-7.2700000000000005
9,34,10,3.0,14,14,1.5,6,3,92,54.3,3.48,1.03,2.13,-2.453,-31.76,0.1693,66,54.5,-2.45,0.97,2.185,-2.703,-27.22,-0.1299,24,45.8,-8.82,0.69,1.825,-2.223,-18.35,-0.4621,-0.42269999999999996,-7.790000000000001
13,21,7,2.0,10,14,1.2,6,3,106,53.8,4.15,1.03,2.238,-2.518,-30.61,0.2089,73,56.2,-3.03,0.96,2.028,-2.693,-24.77,-0.1772,36,50.0,-8.37,0.79,1.739,-2.204,-20.79,-0.4545,-0.4228,-7.249999999999998
13,21,7,2.0,14,20,1.5,4,5,626,56.4,36.02,1.05,2.046,-2.514,-65.09,0.897,613,52.2,-149.58,0.82,2.062,-2.763,-166.03,-1.1111,304,54.9,-6.57,0.98,1.781,-2.219,-45.17,-0.2156,-0.42969999999999997,-120.13
9,34,7,3.0,14,14,1.5,6,5,88,55.7,6.37,1.07,2.081,-2.451,-31.3,0.3275,69,52.2,-12.59,0.86,2.114,-2.687,-36.25,-0.4413,22,50.0,-4.35,0.82,1.825,-2.22,-15.95,-0.3162,-0.43,-10.57
13,21,10,2.0,14,20,1.2,4,5,634,56.5,39.19,1.06,2.052,-2.519,-61.81,1.0312,623,51.4,-172.96,0.79,2.069,-2.755,-188.23,-1.0968,312,54.2,-12.99,0.96,1.802,-2.22,-51.38,-0.3668,-0.4324000000000001,-146.76000000000002
9,21,10,2.0,10,14,1.2,6,3,109,54.1,2.23,1.02,2.158,-2.502,-30.61,0.1108,79,55.7,-1.66,0.98,2.097,-2.684,-27.45,-0.0892,36,50.0,-8.37,0.79,1.739,-2.204,-20.79,-0.4545,-0.4329,-7.799999999999999
9,21,14,2.0,14,14,1.2,5,3,535,56.1,13.69,1.02,2.005,-2.502,-59.33,0.3623,476,52.3,-98.11,0.84,2.087,-2.721,-150.23,-0.8312,236,55.5,0.73,1.0,1.806,-2.247,-31.24,0.0356,-0.4333,-83.69
9,34,7,3.0,14,14,1.2,5,3,527,55.2,7.57,1.01,2.052,-2.499,-75.42,0.1558,458,49.6,-136.58,0.78,2.155,-2.709,-156.46,-1.0141,235,56.6,8.55,1.04,1.768,-2.221,-31.96,0.4214,-0.43690000000000007,-120.46000000000002
13,34,7,2.0,10,20,1.2,6,3,99,54.5,-1.63,0.99,2.082,-2.535,-23.99,-0.0992,70,55.7,3.17,1.04,2.25,-2.729,-23.55,0.2086,34,47.1,-12.68,0.68,1.696,-2.212,-21.92,-0.5545,-0.4451,-11.14
9,21,14,2.0,10,14,1.5,5,5,455,55.2,0.14,1.0,2.03,-2.497,-77.33,0.0027,427,53.2,-87.44,0.84,2.005,-2.713,-138.14,-0.8075,200,56.0,6.32,1.03,1.791,-2.208,-27.33,0.3595,-0.4453,-80.97999999999999
9,34,7,2.0,14,14,1.5,4,5,625,56.3,31.23,1.05,2.043,-2.52,-62.12,0.8085,608,53.8,-85.23,0.89,2.117,-2.766,-122.08,-0.9481,301,54.5,-11.44,0.96,1.798,-2.235,-54.25,-0.3079,-0.44750000000000006,-65.44
13,34,14,2.0,14,14,1.2,6,5,108,52.8,-8.51,0.93,2.083,-2.494,-27.51,-0.4253,80,57.5,5.43,1.06,2.139,-2.734,-34.16,0.2576,27,51.9,-3.22,0.89,1.845,-2.235,-13.92,-0.2916,-0.45930000000000004,-6.300000000000001
13,21,14,3.0,14,14,1.5,6,5,88,54.5,-0.22,1.0,2.039,-2.452,-33.79,-0.0096,62,54.8,-1.88,0.98,2.165,-2.696,-28.2,-0.0973,22,50.0,-4.22,0.83,1.825,-2.209,-13.74,-0.3548,-0.4617,-6.32
9,21,14,3.0,10,20,1.5,4,3,712,55.9,26.87,1.03,2.053,-2.516,-81.09,0.5277,705,52.3,-137.74,0.85,2.144,-2.765,-174.49,-1.0184,337,54.9,0.79,1.0,1.853,-2.25,-44.96,0.0267,-0.464,-110.08
9,34,7,3.0,14,14,1.2,6,5,108,53.7,-1.19,0.99,2.131,-2.496,-29.41,-0.0595,86,55.8,-4.77,0.95,2.051,-2.717,-36.45,-0.1893,29,51.7,-2.33,0.92,1.913,-2.216,-14.03,-0.2178,-0.4666,-8.29
13,21,10,2.0,14,20,1.5,5,3,480,54.0,-32.49,0.94,2.02,-2.514,-81.43,-0.5713,428,53.7,-47.47,0.91,2.127,-2.71,-113.01,-0.5835,209,56.5,13.26,1.07,1.84,-2.24,-31.17,0.6868,-0.4680000000000001,-66.7
9,34,10,3.0,14,14,1.2,5,3,528,55.3,6.82,1.01,2.04,-2.495,-77.07,0.1373,459,50.1,-123.84,0.8,2.154,-2.705,-150.57,-0.9813,233,56.7,7.65,1.03,1.758,-2.222,-31.96,0.3757,-0.4683,-109.37
13,34,10,2.0,14,14,1.5,6,3,89,53.9,-2.91,0.97,2.033,-2.451,-33.86,-0.125,66,54.5,-1.92,0.98,2.198,-2.701,-34.24,-0.082,20,50.0,-3.04,0.86,1.918,-2.222,-13.85,-0.2646,-0.4716,-7.87
13,21,14,2.0,14,20,1.5,4,5,628,56.7,38.96,1.06,2.033,-2.518,-62.5,1.0159,615,51.9,-169.55,0.79,2.042,-2.773,-187.12,-1.086,305,54.1,-14.93,0.95,1.794,-2.221,-53.19,-0.4042,-0.47430000000000005,-145.52
13,21,7,3.0,14,14,1.2,6,3,109,52.3,-10.44,0.92,2.097,-2.499,-32.14,-0.4414,84,57.1,3.5,1.04,2.107,-2.713,-28.19,0.1951,29,51.7,-2.51,0.92,1.913,-2.229,-14.21,-0.2306,-0.4769,-9.45
9,21,10,3.0,14,14,1.5,4,3,724,56.5,28.44,1.04,2.006,-2.515,-83.68,0.5444,711,51.9,-162.48,0.83,2.117,-2.759,-193.24,-1.0519,332,54.8,0.8,1.0,1.858,-2.249,-48.69,0.0251,-0.48240000000000005,-133.23999999999998
13,21,7,3.0,14,14,1.5,6,5,87,55.2,2.28,1.02,2.039,-2.451,-31.3,0.1121,67,52.2,-10.83,0.87,2.14,-2.679,-34.48,-0.4058,21,52.4,-2.14,0.9,1.825,-2.221,-13.74,-0.1996,-0.49329999999999996,-10.690000000000001
13,21,10,2.0,14,20,1.5,4,5,627,56.5,37.16,1.05,2.046,-2.516,-62.32,0.968,615,51.7,-167.27,0.8,2.057,-2.766,-185.11,-1.0858,305,54.1,-13.63,0.96,1.802,-2.222,-51.85,-0.3801,-0.4979000000000001,-143.74
13,34,10,2.0,14,14,1.5,6,5,87,54.0,-4.57,0.95,1.989,-2.451,-33.86,-0.1925,65,53.8,-5.78,0.93,2.15,-2.701,-35.01,-0.2294,19,52.6,-0.64,0.97,1.918,-2.203,-11.46,-0.0762,-0.4981,-10.990000000000002
13,21,10,2.0,14,14,1.5,5,3,494,55.1,3.67,1.01,2.056,-2.503,-70.56,0.0801,434,53.7,-46.19,0.92,2.143,-2.714,-113.3,-0.5685,213,55.4,-0.43,1.0,1.81,-2.253,-37.67,-0.0172,-0.5056,-42.949999999999996
13,34,7,2.0,10,14,1.2,6,3,102,52.9,0.81,1.01,2.253,-2.518,-30.61,0.0395,68,55.9,-0.45,0.99,2.122,-2.703,-19.93,-0.0336,36,47.2,-11.72,0.72,1.791,-2.219,-23.29,-0.513,-0.5071,-11.360000000000001
9,34,10,2.0,10,20,1.5,4,5,623,56.0,35.9,1.05,2.082,-2.521,-58.43,0.9914,616,53.1,-120.52,0.85,2.073,-2.762,-146.13,-1.0647,308,53.9,-19.55,0.94,1.789,-2.229,-62.92,-0.4416,-0.5149,-104.17
9,21,10,3.0,14,14,1.2,6,5,107,53.3,-6.72,0.95,2.058,-2.48,-28.65,-0.3285,78,56.4,0.95,1.01,2.129,-2.727,-29.42,0.0494,29,51.7,-2.21,0.93,1.913,-2.207,-12.03,-0.2384,-0.5175000000000001,-7.9799999999999995
13,21,14,2.0,10,20,1.5,5,5,444,54.7,-11.32,0.98,2.031,-2.511,-68.04,-0.2479,402,55.7,-35.37,0.93,2.001,-2.717,-89.4,-0.5647,197,54.8,5.81,1.03,1.865,-2.198,-31.21,0.2876,-0.5249999999999999,-40.879999999999995
9,21,7,2.0,14,20,1.2,5,3,525,55.6,6.24,1.01,2.036,-2.525,-47.83,0.2008,458,53.1,-73.87,0.87,2.105,-2.723,-107.11,-0.9138,227,56.4,4.67,1.02,1.772,-2.243,-38.73,0.1878,-0.5252,-62.96000000000001
9,34,10,2.0,14,20,1.5,4,5,624,56.2,39.04,1.06,2.069,-2.517,-55.6,1.1389,608,53.0,-119.99,0.85,2.086,-2.768,-142.36,-1.0862,306,53.3,-27.61,0.91,1.785,-2.228,-65.63,-0.58,-0.5273,-108.55999999999999
9,34,7,3.0,10,20,1.2,4,3,720,55.6,8.34,1.01,2.023,-2.503,-90.46,0.1433,707,51.2,-161.04,0.83,2.193,-2.768,-196.65,-1.0242,339,55.2,7.43,1.02,1.855,-2.233,-33.09,0.3454,-0.5355000000000001,-145.26999999999998
13,21,10,3.0,14,20,1.5,5,3,479,55.1,-7.23,0.99,2.028,-2.524,-69.03,-0.1579,430,50.5,-103.44,0.82,2.16,-2.686,-134.22,-0.9429,214,56.1,10.59,1.05,1.827,-2.22,-29.87,0.5627,-0.5381,-100.08
13,34,14,3.0,10,14,1.5,4,3,715,55.2,1.99,1.0,2.041,-2.513,-115.88,0.0265,696,50.9,-159.01,0.83,2.212,-2.754,-175.84,-1.1275,333,55.6,11.64,1.04,1.85,-2.234,-32.37,0.5618,-0.5392,-145.38
13,21,14,2.0,14,14,1.2,4,5,635,56.2,26.62,1.04,2.038,-2.521,-64.52,0.6589,627,51.5,-174.99,0.79,2.056,-2.76,-192.63,-1.0837,305,54.4,-3.66,0.99,1.842,-2.226,-46.81,-0.117,-0.5418000000000001,-152.03
13,34,14,3.0,10,20,1.2,4,3,715,56.5,38.79,1.05,2.033,-2.517,-90.07,0.6996,698,51.6,-141.99,0.85,2.198,-2.761,-161.83,-1.1207,337,54.6,-3.63,0.99,1.845,-2.242,-44.56,-0.122,-0.5431,-106.83000000000001
9,21,10,2.0,14,20,1.5,5,3,491,55.0,-13.41,0.98,2.013,-2.52,-64.28,-0.3108,436,53.4,-56.78,0.9,2.124,-2.717,-109.8,-0.7054,214,56.5,9.82,1.05,1.805,-2.243,-33.86,0.4615,-0.5547,-60.37
13,21,7,3.0,14,14,1.5,4,3,724,55.1,-12.74,0.98,2.01,-2.507,-112.53,-0.1714,709,51.8,-165.81,0.82,2.114,-2.753,-194.33,-1.0614,328,56.1,15.26,1.05,1.849,-2.256,-35.84,0.677,-0.5557999999999998,-163.29000000000002
13,34,10,3.0,10,20,1.5,4,3,716,55.2,-6.61,0.99,2.021,-2.508,-107.41,-0.0938,693,51.8,-134.91,0.85,2.184,-2.751,-152.77,-1.1363,331,55.3,12.71,1.04,1.872,-2.229,-29.61,0.6698,-0.5603000000000002,-128.81
9,34,14,3.0,10,20,1.2,4,3,714,55.6,23.2,1.03,2.063,-2.511,-86.54,0.4244,709,51.9,-141.0,0.85,2.184,-2.771,-184.93,-0.98,338,54.7,-0.23,1.0,1.851,-2.24,-44.99,-0.0077,-0.5633,-118.03
9,34,14,2.0,14,20,1.5,5,3,467,53.7,-35.86,0.93,2.013,-2.505,-82.39,-0.6173,422,53.3,-56.13,0.9,2.129,-2.716,-124.82,-0.6122,206,56.3,11.22,1.06,1.839,-2.245,-27.16,0.6574,-0.5720999999999998,-80.77000000000001
13,21,7,3.0,14,20,1.2,5,3,525,55.0,-0.21,1.0,2.056,-2.519,-67.39,-0.0048,450,49.6,-129.38,0.79,2.172,-2.704,-147.38,-1.0291,234,56.4,9.93,1.04,1.779,-2.205,-34.28,0.4596,-0.5742999999999998,-119.66
13,21,10,3.0,14,14,1.5,6,3,89,53.9,-2.65,0.97,2.039,-2.451,-33.79,-0.1142,64,54.7,-0.68,0.99,2.213,-2.695,-24.63,-0.0407,23,47.8,-6.61,0.75,1.825,-2.224,-16.13,-0.4292,-0.5841000000000001,-9.940000000000001
9,21,7,2.0,14,20,1.5,6,5,82,54.9,-0.74,0.99,2.043,-2.504,-23.1,-0.0471,60,53.3,-5.7,0.93,2.199,-2.717,-24.99,-0.3109,19,52.6,-2.15,0.89,1.727,-2.157,-11.69,-0.2299,-0.5879,-8.59
13,21,7,2.0,14,20,1.2,5,3,516,54.5,-15.94,0.97,2.054,-2.524,-76.0,-0.3111,448,53.3,-62.73,0.89,2.112,-2.715,-111.58,-0.76,221,57.0,10.62,1.05,1.78,-2.249,-35.27,0.4827,-0.5883999999999999,-68.05
13,21,10,3.0,14,14,1.5,6,5,88,54.5,-0.22,1.0,2.039,-2.452,-33.79,-0.0096,63,54.0,-4.55,0.94,2.165,-2.695,-28.2,-0.2258,22,50.0,-4.22,0.83,1.825,-2.209,-13.74,-0.3548,-0.5902000000000001,-8.989999999999998
13,34,10,2.0,14,20,1.2,6,3,110,53.6,-14.24,0.89,1.93,-2.512,-38.39,-0.4936,72,55.6,5.3,1.06,2.312,-2.725,-31.84,0.2661,28,50.0,-4.96,0.84,1.861,-2.216,-15.92,-0.3696,-0.5971,-13.900000000000002
9,34,10,3.0,14,20,1.2,5,3,519,54.7,-9.59,0.98,2.043,-2.51,-67.45,-0.2133,445,50.8,-103.64,0.82,2.16,-2.702,-127.52,-1.003,229,56.8,11.52,1.05,1.772,-2.211,-29.87,0.6156,-0.6006999999999999,-101.71000000000001
13,21,7,3.0,14,14,1.5,5,3,492,55.9,26.71,1.05,2.076,-2.508,-67.88,0.6342,437,49.9,-118.19,0.8,2.178,-2.708,-141.08,-0.9983,225,54.2,-6.86,0.97,1.815,-2.216,-41.72,-0.2402,-0.6043,-98.33999999999999
9,21,14,3.0,14,14,1.5,6,5,87,55.2,0.08,1.0,1.993,-2.451,-31.3,0.0038,59,52.5,-5.42,0.93,2.26,-2.696,-29.22,-0.2538,22,50.0,-4.22,0.83,1.825,-2.209,-13.74,-0.3548,-0.6048,-9.559999999999999
13,34,14,2.0,14,14,1.2,4,5,629,55.0,6.5,1.01,2.08,-2.521,-90.44,0.1111,616,51.5,-177.76,0.78,2.041,-2.758,-194.15,-1.0823,298,56.0,9.51,1.03,1.816,-2.242,-42.16,0.3549,-0.6163000000000001,-161.75
9,21,7,3.0,14,14,1.2,6,5,107,53.3,-7.48,0.94,2.058,-2.496,-29.41,-0.3544,81,54.3,-6.54,0.93,2.131,-2.711,-36.99,-0.2484,28,53.6,-0.12,1.0,1.913,-2.216,-11.82,-0.0145,-0.6173,-14.139999999999999
9,21,14,3.0,14,14,1.5,6,3,88,54.5,-2.36,0.98,1.993,-2.45,-31.3,-0.11,60,53.3,-1.55,0.98,2.31,-2.696,-25.36,-0.0884,23,47.8,-6.61,0.75,1.825,-2.224,-16.13,-0.4292,-0.6276,-10.52
9,21,7,2.0,14,20,1.5,6,3,84,54.8,0.7,1.01,2.082,-2.502,-23.1,0.0453,60,53.3,-5.7,0.93,2.199,-2.717,-24.99,-0.3109,20,50.0,-4.54,0.79,1.727,-2.181,-13.67,-0.3676,-0.6332,-9.54
13,34,10,2.0,10,20,1.5,4,5,621,55.2,19.51,1.03,2.094,-2.514,-86.14,0.3573,606,52.8,-134.75,0.83,2.042,-2.756,-154.69,-1.0964,296,55.4,2.82,1.01,1.81,-2.227,-41.94,0.1031,-0.6360000000000001,-112.42
9,34,7,2.0,10,20,1.2,6,3,99,54.5,-1.63,0.99,2.082,-2.535,-23.99,-0.0992,70,55.7,0.35,1.0,2.166,-2.714,-24.03,0.0216,35,48.6,-11.82,0.7,1.646,-2.212,-21.06,-0.5597,-0.6373,-13.1
13,21,7,3.0,14,14,1.5,6,3,88,54.5,-0.15,1.0,2.039,-2.45,-31.3,-0.0074,68,52.9,-6.96,0.92,2.188,-2.679,-30.62,-0.3093,22,50.0,-4.53,0.82,1.825,-2.237,-16.13,-0.3235,-0.6402000000000001,-11.64
9,21,10,3.0,14,14,1.2,6,3,110,51.8,-14.19,0.89,2.058,-2.481,-33.69,-0.5541,79,57.0,4.82,1.05,2.167,-2.727,-26.23,0.2921,30,50.0,-4.6,0.86,1.913,-2.219,-14.43,-0.3853,-0.6473,-13.969999999999999
13,34,14,2.0,10,14,1.5,4,5,624,55.4,23.02,1.03,2.084,-2.511,-98.38,0.372,616,52.4,-145.65,0.82,2.053,-2.76,-160.03,-1.1304,295,55.9,3.37,1.01,1.793,-2.25,-48.43,0.1074,-0.651,-119.26
9,21,7,2.0,10,20,1.2,6,3,103,55.3,-0.49,1.0,2.038,-2.535,-23.2,-0.031,79,55.7,-1.81,0.98,2.126,-2.724,-31.89,-0.0841,34,50.0,-9.33,0.75,1.646,-2.195,-18.57,-0.5364,-0.6515,-11.629999999999999
9,34,7,3.0,14,20,1.2,5,3,516,54.7,-10.23,0.98,2.049,-2.513,-69.6,-0.2203,444,50.2,-115.86,0.81,2.16,-2.704,-132.9,-1.0478,231,56.7,12.53,1.06,1.783,-2.21,-32.73,0.6153,-0.6528,-113.56
13,21,14,2.0,14,14,1.5,4,5,628,56.5,33.24,1.05,2.026,-2.513,-64.69,0.8306,618,52.1,-157.97,0.81,2.06,-2.774,-172.57,-1.118,304,53.6,-14.39,0.95,1.843,-2.233,-56.6,-0.3663,-0.6537000000000002,-139.12
13,34,10,2.0,14,14,1.2,6,5,107,51.4,-17.17,0.87,2.039,-2.487,-36.18,-0.6065,79,57.0,0.42,1.0,2.075,-2.734,-34.16,0.0186,26,53.8,-0.59,0.98,1.845,-2.202,-11.5,-0.0709,-0.6588,-17.34
13,21,10,3.0,14,14,1.5,5,3,488,55.5,21.87,1.04,2.084,-2.501,-70.74,0.4932,436,50.5,-103.96,0.82,2.182,-2.704,-132.49,-0.9631,223,54.7,-5.09,0.98,1.796,-2.22,-38.94,-0.1929,-0.6628,-87.17999999999999
9,21,14,2.0,14,14,1.5,5,3,499,56.1,20.58,1.04,2.03,-2.501,-57.06,0.5741,441,53.1,-64.7,0.89,2.133,-2.724,-120.73,-0.7202,222,54.1,-17.26,0.92,1.768,-2.249,-45.91,-0.5242,-0.6702999999999999,-61.38000000000001
9,21,7,3.0,14,14,1.5,6,5,87,55.2,0.08,1.0,1.993,-2.451,-31.3,0.0038,64,50.0,-14.36,0.83,2.23,-2.679,-36.79,-0.4746,21,52.4,-2.14,0.9,1.825,-2.221,-13.74,-0.1996,-0.6704,-16.419999999999998
13,34,10,2.0,14,20,1.2,4,5,633,55.1,12.13,1.02,2.083,-2.517,-94.82,0.1998,604,52.0,-146.79,0.82,2.074,-2.752,-160.94,-1.1243,302,55.6,6.95,1.02,1.815,-2.223,-42.86,0.2523,-0.6722000000000001,-127.71
9,21,14,2.0,10,20,1.2,5,3,531,55.7,15.07,1.03,2.047,-2.515,-63.23,0.3746,476,53.8,-78.8,0.87,2.043,-2.735,-108.73,-0.9598,235,55.3,-3.02,0.99,1.78,-2.233,-51.69,-0.0879,-0.6730999999999999,-66.75
13,34,10,2.0,14,20,1.2,6,5,107,54.2,-13.58,0.89,1.893,-2.517,-36.48,-0.4973,71,54.9,1.43,1.02,2.272,-2.725,-33.96,0.0644,27,51.9,-2.57,0.91,1.861,-2.202,-13.53,-0.2446,-0.6775,-14.72
9,34,7,3.0,14,14,1.5,6,3,90,54.4,1.43,1.01,2.081,-2.452,-33.8,0.0644,70,52.9,-8.72,0.9,2.161,-2.687,-32.38,-0.3602,23,47.8,-6.74,0.75,1.825,-2.235,-18.35,-0.3856,-0.6814,-14.030000000000001
13,21,10,2.0,10,20,1.2,5,3,523,54.5,-12.84,0.98,2.058,-2.518,-82.24,-0.2332,464,53.9,-61.64,0.89,2.087,-2.727,-105.02,-0.8001,230,56.1,9.48,1.04,1.811,-2.22,-43.59,0.3458,-0.6875000000000001,-65.0
9,34,7,3.0,14,14,1.2,4,3,730,54.9,-12.04,0.99,2.028,-2.508,-113.46,-0.1606,716,51.8,-158.49,0.83,2.138,-2.759,-178.18,-1.1193,336,55.7,10.66,1.03,1.843,-2.241,-27.93,0.5918,-0.6881,-159.87
13,34,10,2.0,14,14,1.2,6,3,111,50.5,-20.56,0.85,2.076,-2.487,-41.22,-0.6225,80,57.5,4.28,1.05,2.114,-2.734,-33.21,0.2062,27,51.9,-2.98,0.9,1.845,-2.216,-13.9,-0.2725,-0.6888000000000001,-19.259999999999998
13,34,14,3.0,10,14,1.2,4,3,719,56.3,33.7,1.04,2.039,-2.523,-92.01,0.5905,700,51.9,-142.07,0.85,2.174,-2.763,-156.6,-1.1601,338,55.0,-3.42,0.99,1.82,-2.25,-43.04,-0.1193,-0.6888999999999998,-111.78999999999999
13,34,7,3.0,10,20,1.2,4,3,721,56.0,12.85,1.02,2.001,-2.509,-97.3,0.2072,700,50.6,-177.26,0.81,2.194,-2.757,-191.73,-1.1275,338,55.0,4.08,1.01,1.849,-2.236,-29.34,0.2112,-0.7090999999999998,-160.32999999999998
9,21,10,3.0,14,14,1.5,6,5,87,55.2,0.08,1.0,1.993,-2.451,-31.3,0.0038,60,51.7,-8.08,0.9,2.26,-2.695,-29.22,-0.3637,22,50.0,-4.22,0.83,1.825,-2.209,-13.74,-0.3548,-0.7147,-12.219999999999999
13,21,7,3.0,14,20,1.5,5,3,479,55.3,-8.17,0.98,2.011,-2.529,-65.42,-0.1882,430,50.0,-115.0,0.8,2.156,-2.691,-139.04,-0.987,216,55.6,9.08,1.04,1.846,-2.213,-31.15,0.4579,-0.7173,-114.09
9,34,14,2.0,14,14,1.5,6,5,88,54.5,-0.69,0.99,2.028,-2.451,-30.27,-0.0336,66,53.0,-7.8,0.91,2.17,-2.701,-36.38,-0.2894,21,47.6,-5.36,0.78,1.918,-2.231,-14.49,-0.3992,-0.7222,-13.850000000000001
9,21,7,2.0,10,14,1.2,6,3,106,53.8,1.95,1.02,2.199,-2.518,-30.61,0.0965,78,55.1,-7.89,0.92,2.001,-2.684,-29.63,-0.3662,36,50.0,-8.37,0.79,1.739,-2.204,-20.79,-0.4545,-0.7242000000000001,-14.309999999999999
13,21,10,2.0,14,14,1.5,4,5,627,56.3,31.4,1.05,2.039,-2.512,-64.55,0.7828,616,52.4,-140.36,0.83,2.075,-2.767,-155.24,-1.1323,304,53.6,-14.87,0.95,1.841,-2.233,-56.95,-0.3755,-0.7250000000000001,-123.83000000000001
9,34,14,2.0,14,14,1.5,5,3,481,54.7,-7.15,0.99,2.036,-2.489,-72.98,-0.1476,427,53.4,-53.94,0.9,2.133,-2.714,-122.65,-0.6024,211,55.5,0.48,1.0,1.818,-2.258,-30.7,0.0234,-0.7266,-60.61
9,21,10,3.0,10,14,1.5,4,3,721,56.6,32.89,1.04,2.016,-2.523,-77.85,0.6804,713,51.2,-173.13,0.82,2.162,-2.765,-198.95,-1.0735,340,54.1,-14.06,0.96,1.826,-2.243,-61.24,-0.3342,-0.7272999999999998,-154.3
13,34,10,3.0,10,14,1.5,4,3,720,55.3,-5.7,0.99,2.018,-2.512,-109.52,-0.0796,699,50.8,-166.12,0.82,2.2,-2.753,-182.81,-1.1237,333,55.3,9.0,1.03,1.855,-2.231,-29.35,0.4731,-0.7302,-162.82
9,34,7,3.0,14,14,1.2,6,3,111,52.3,-8.86,0.93,2.131,-2.499,-34.64,-0.3531,87,56.3,-0.9,0.99,2.089,-2.717,-32.59,-0.0417,30,50.0,-4.73,0.86,1.913,-2.228,-16.43,-0.3493,-0.7441,-14.49
9,34,7,2.0,10,14,1.2,6,3,102,52.9,0.81,1.01,2.253,-2.518,-30.61,0.0395,70,55.7,-4.84,0.94,2.015,-2.692,-23.26,-0.2928,37,48.6,-10.86,0.74,1.739,-2.219,-23.29,-0.4935,-0.7468,-14.889999999999999
9,21,14,3.0,10,20,1.2,4,3,714,56.3,39.75,1.05,2.055,-2.521,-71.93,0.895,716,52.2,-146.49,0.85,2.141,-2.77,-183.26,-1.0231,345,52.5,-32.3,0.91,1.863,-2.253,-71.08,-0.6235,-0.7515999999999999,-139.04000000000002
13,21,10,2.0,14,14,1.2,4,5,634,56.0,24.78,1.04,2.05,-2.52,-64.33,0.6125,626,51.6,-168.34,0.8,2.063,-2.754,-186.25,-1.0879,305,54.1,-10.03,0.97,1.831,-2.23,-53.03,-0.2767,-0.7521,-153.59
13,21,10,2.0,14,14,1.5,6,5,88,53.4,-9.86,0.9,1.931,-2.454,-32.79,-0.4036,65,50.8,-16.74,0.81,2.113,-2.703,-40.31,-0.4927,20,55.0,0.84,1.04,1.842,-2.157,-8.7,0.1408,-0.7555000000000001,-25.759999999999998
9,34,14,2.0,14,20,1.2,6,5,108,55.6,-4.62,0.96,1.944,-2.526,-27.81,-0.2397,72,54.2,-0.44,1.0,2.29,-2.719,-34.89,-0.0188,28,46.4,-8.18,0.75,1.936,-2.223,-17.17,-0.4975,-0.756,-13.24
9,34,14,2.0,14,20,1.5,4,5,625,56.3,38.42,1.06,2.06,-2.516,-61.3,1.0178,609,52.7,-129.82,0.84,2.083,-2.773,-147.83,-1.1156,305,53.1,-33.0,0.9,1.766,-2.231,-67.39,-0.6623,-0.7600999999999999,-124.39999999999999
9,34,14,2.0,14,14,1.5,6,3,89,53.9,-3.12,0.97,2.028,-2.451,-30.27,-0.1488,67,53.7,-3.93,0.95,2.217,-2.701,-34.24,-0.1633,22,45.5,-7.75,0.71,1.918,-2.244,-16.88,-0.449,-0.7611,-14.8
13,34,10,2.0,14,14,1.2,4,5,629,54.8,4.81,1.01,2.089,-2.521,-90.02,0.0825,613,51.9,-161.93,0.8,2.045,-2.753,-178.59,-1.0964,297,55.6,7.61,1.03,1.836,-2.238,-47.64,0.2498,-0.7641,-149.51
9,34,14,2.0,14,20,1.2,5,3,508,54.5,-14.26,0.98,2.029,-2.494,-65.29,-0.3242,443,53.5,-64.92,0.88,2.092,-2.721,-119.31,-0.7323,220,56.4,6.21,1.03,1.792,-2.25,-33.61,0.2887,-0.7678,-72.97000000000001
9,21,10,3.0,14,14,1.5,6,3,88,54.5,-2.36,0.98,1.993,-2.45,-31.3,-0.11,61,52.5,-4.22,0.95,2.31,-2.695,-25.36,-0.2308,23,47.8,-6.61,0.75,1.825,-2.224,-16.13,-0.4292,-0.77,-13.190000000000001
9,34,10,2.0,10,14,1.2,4,5,630,55.4,17.18,1.02,2.082,-2.525,-77.58,0.3479,626,52.9,-124.34,0.85,2.088,-2.765,-149.9,-1.0676,306,55.6,-1.7,0.99,1.774,-2.23,-50.66,-0.051,-0.7707000000000002,-108.86
9,21,10,3.0,14,20,1.5,5,3,482,55.2,-6.11,0.99,2.032,-2.53,-47.2,-0.1944,432,50.0,-113.15,0.81,2.169,-2.693,-144.6,-0.939,217,55.8,7.36,1.03,1.822,-2.22,-32.05,0.3586,-0.7747999999999999,-111.9
13,34,7,2.0,14,14,1.5,6,5,83,53.0,-5.57,0.94,2.055,-2.461,-32.75,-0.2377,61,50.8,-13.75,0.83,2.171,-2.701,-36.03,-0.465,19,52.6,-0.64,0.97,1.918,-2.203,-11.46,-0.0762,-0.7789,-19.96
9,21,10,3.0,10,20,1.5,4,3,718,55.8,16.45,1.02,2.029,-2.515,-90.0,0.2874,709,52.2,-145.63,0.84,2.136,-2.761,-176.05,-1.057,336,54.8,-0.48,1.0,1.857,-2.251,-46.2,-0.0156,-0.7851999999999999,-129.66
13,21,14,2.0,14,14,1.2,5,3,526,54.6,-16.53,0.97,2.028,-2.505,-83.66,-0.2934,466,52.8,-83.2,0.86,2.09,-2.715,-151.14,-0.7192,231,55.8,4.94,1.02,1.814,-2.246,-33.67,0.227,-0.7856,-94.79
9,34,14,3.0,10,14,1.5,4,3,717,54.7,-7.97,0.99,2.062,-2.511,-100.52,-0.1203,706,51.1,-165.67,0.83,2.19,-2.772,-202.12,-1.0191,335,55.5,9.41,1.03,1.837,-2.23,-41.58,0.3535,-0.7859,-164.23
9,34,14,2.0,14,20,1.2,6,3,110,54.5,-9.36,0.93,1.944,-2.52,-29.72,-0.4359,73,54.8,3.43,1.04,2.329,-2.719,-31.7,0.1684,29,44.8,-10.57,0.7,1.936,-2.234,-19.56,-0.5244,-0.7919,-16.5
9,34,14,3.0,14,14,1.2,4,3,727,55.3,16.52,1.02,2.069,-2.509,-108.83,0.2384,719,52.2,-145.57,0.85,2.144,-2.76,-172.91,-1.0783,337,54.9,1.09,1.0,1.85,-2.245,-37.5,0.044,-0.7959,-127.95999999999998
13,21,14,2.0,10,20,1.5,5,3,494,54.5,-19.19,0.97,2.034,-2.517,-78.63,-0.3596,436,55.0,-36.24,0.93,2.081,-2.733,-97.05,-0.5343,219,55.3,2.75,1.01,1.822,-2.221,-44.0,0.096,-0.7978999999999999,-52.68000000000001
9,21,14,2.0,10,20,1.5,5,3,504,55.0,-8.63,0.98,2.031,-2.516,-76.16,-0.1707,447,54.4,-59.79,0.89,2.05,-2.735,-111.49,-0.7326,223,55.6,2.75,1.01,1.798,-2.224,-41.43,0.1021,-0.8012,-65.67
13,34,7,3.0,10,14,1.2,4,3,725,55.6,-3.39,1.0,2.003,-2.517,-102.09,-0.0509,705,51.2,-169.03,0.82,2.159,-2.757,-183.56,-1.138,337,55.8,7.95,1.02,1.824,-2.248,-32.04,0.3837,-0.8051999999999999,-164.47
13,34,7,2.0,14,14,1.5,6,3,85,52.9,-3.91,0.96,2.1,-2.461,-32.75,-0.1702,62,51.6,-9.88,0.88,2.224,-2.701,-34.24,-0.3733,20,50.0,-3.04,0.86,1.918,-2.222,-13.85,-0.2646,-0.8081,-16.830000000000002
9,34,7,3.0,14,20,1.5,5,3,472,54.9,-16.01,0.97,2.019,-2.53,-67.41,-0.3516,429,50.6,-107.65,0.81,2.145,-2.703,-134.34,-0.9728,213,55.9,9.6,1.05,1.833,-2.218,-29.5,0.5129,-0.8115,-114.06000000000002
9,34,10,3.0,14,20,1.5,5,3,475,54.7,-16.09,0.97,2.025,-2.524,-67.53,-0.3526,429,51.3,-92.57,0.84,2.145,-2.7,-126.1,-0.9211,211,55.9,8.54,1.04,1.822,-2.22,-29.54,0.4537,-0.8200000000000001,-100.12
9,34,14,2.0,10,20,1.5,4,5,626,56.1,33.74,1.05,2.068,-2.517,-64.49,0.8433,618,53.1,-125.38,0.84,2.066,-2.769,-145.21,-1.1077,306,53.6,-28.11,0.91,1.761,-2.231,-67.75,-0.5723,-0.8366999999999999,-119.74999999999999
13,21,14,3.0,14,14,1.5,4,3,721,55.1,-4.58,0.99,2.037,-2.51,-111.12,-0.063,708,52.0,-160.54,0.83,2.119,-2.766,-199.83,-1.0075,330,55.2,6.4,1.02,1.868,-2.254,-42.63,0.2321,-0.8384,-158.72
9,21,7,3.0,14,14,1.5,6,3,88,54.5,-2.36,0.98,1.993,-2.45,-31.3,-0.11,65,50.8,-10.5,0.88,2.28,-2.679,-32.92,-0.4094,22,50.0,-4.53,0.82,1.825,-2.237,-16.13,-0.3235,-0.8429,-17.39
13,34,10,2.0,14,14,1.5,4,5,626,55.4,14.47,1.02,2.059,-2.509,-90.75,0.2502,601,52.7,-126.17,0.84,2.071,-2.756,-137.85,-1.1642,295,54.9,2.4,1.01,1.852,-2.238,-51.9,0.0709,-0.8431,-109.3
13,21,14,2.0,10,20,1.2,5,3,521,55.3,7.72,1.01,2.061,-2.514,-71.34,0.1679,465,54.2,-62.03,0.89,2.061,-2.73,-103.04,-0.8212,232,54.7,-7.31,0.97,1.786,-2.23,-56.41,-0.1909,-0.8442,-61.620000000000005
9,34,10,3.0,10,14,1.5,4,3,721,54.8,-12.6,0.98,2.039,-2.509,-96.87,-0.1962,707,51.2,-164.21,0.83,2.187,-2.771,-201.02,-1.0179,334,55.4,8.8,1.03,1.842,-2.228,-36.98,0.3696,-0.8445,-168.01
9,21,7,2.0,10,14,1.2,4,3,737,56.4,18.06,1.02,2.005,-2.542,-65.07,0.4371,731,51.6,-185.23,0.81,2.132,-2.793,-212.43,-1.0691,354,55.1,-7.85,0.98,1.792,-2.247,-54.71,-0.2136,-0.8455999999999999,-175.01999999999998
9,34,10,3.0,10,20,1.2,4,3,717,55.6,12.69,1.02,2.031,-2.508,-87.77,0.2261,711,51.8,-144.78,0.85,2.185,-2.766,-185.74,-0.997,338,54.4,-2.53,0.99,1.857,-2.235,-42.08,-0.0901,-0.861,-134.62
9,21,7,3.0,14,14,1.2,4,3,732,56.1,20.13,1.02,2.015,-2.518,-85.8,0.3712,726,51.5,-180.11,0.81,2.112,-2.756,-199.32,-1.1093,338,54.4,-3.68,0.99,1.87,-2.258,-44.45,-0.1238,-0.8619,-163.66000000000003
9,34,7,3.0,14,14,1.5,5,3,483,55.3,11.3,1.02,2.071,-2.507,-61.74,0.2856,435,50.6,-110.78,0.81,2.154,-2.719,-132.02,-1.0164,223,54.7,-3.27,0.99,1.811,-2.22,-36.99,-0.1313,-0.8620999999999999,-102.75
13,34,7,2.0,14,20,1.5,4,5,621,55.2,8.19,1.01,2.063,-2.516,-85.7,0.1484,594,53.0,-124.27,0.84,2.05,-2.76,-134.89,-1.1735,295,55.6,4.67,1.02,1.802,-2.221,-45.29,0.1596,-0.8654999999999999,-111.41
13,21,14,2.0,14,14,1.5,6,5,89,53.9,-6.27,0.94,1.965,-2.454,-29.43,-0.2973,66,51.5,-11.72,0.86,2.199,-2.703,-40.31,-0.3717,21,52.4,-1.79,0.92,1.842,-2.205,-11.33,-0.2031,-0.8721000000000001,-19.78
9,21,7,3.0,14,14,1.2,6,3,109,52.3,-12.64,0.9,2.058,-2.499,-32.14,-0.5245,82,54.9,-2.68,0.97,2.169,-2.711,-33.13,-0.1182,29,51.7,-2.51,0.92,1.913,-2.229,-14.21,-0.2306,-0.8733,-17.83
9,34,10,2.0,10,14,1.5,4,5,622,55.8,24.42,1.04,2.069,-2.522,-75.24,0.5165,618,53.7,-92.0,0.88,2.103,-2.763,-118.81,-1.043,304,53.9,-15.02,0.95,1.817,-2.236,-61.25,-0.3537,-0.8802,-82.6
9,34,10,2.0,14,20,1.2,4,5,634,56.0,33.13,1.05,2.074,-2.52,-66.55,0.801,611,52.5,-121.56,0.85,2.116,-2.762,-137.25,-1.1376,311,53.4,-27.09,0.92,1.779,-2.223,-66.48,-0.564,-0.9005999999999998,-115.52000000000001
9,34,10,2.0,14,14,1.5,6,5,87,54.0,-4.27,0.96,1.995,-2.451,-33.86,-0.1805,65,52.3,-12.81,0.85,2.086,-2.701,-36.38,-0.4422,20,50.0,-2.73,0.88,1.918,-2.191,-11.86,-0.2785,-0.9012,-19.81
13,21,14,3.0,10,20,1.5,4,3,710,55.2,6.47,1.01,2.052,-2.51,-98.43,0.1019,704,52.1,-143.41,0.85,2.153,-2.771,-190.75,-0.963,336,54.8,-1.32,1.0,1.849,-2.247,-49.14,-0.0406,-0.9017,-138.26
13,21,14,2.0,10,14,1.5,5,5,448,53.8,-21.12,0.96,2.056,-2.496,-91.03,-0.3385,420,53.6,-75.47,0.86,2.017,-2.714,-127.4,-0.7739,197,55.3,4.18,1.02,1.819,-2.205,-31.66,0.2029,-0.9095000000000001,-92.41
13,21,7,2.0,14,14,1.5,6,5,84,52.4,-10.85,0.89,1.993,-2.464,-31.69,-0.4502,62,48.4,-23.52,0.73,2.099,-2.703,-41.33,-0.6003,20,55.0,0.84,1.04,1.842,-2.157,-8.7,0.1408,-0.9097,-33.529999999999994
13,21,14,2.0,14,20,1.2,6,5,110,55.5,-9.23,0.93,1.878,-2.526,-26.75,-0.4788,72,54.2,-0.84,0.99,2.3,-2.744,-38.63,-0.0324,28,50.0,-4.61,0.85,1.875,-2.204,-13.6,-0.4029,-0.9140999999999999,-14.68
9,34,14,2.0,14,20,1.2,4,5,634,56.2,35.2,1.05,2.066,-2.519,-72.26,0.7879,613,52.2,-134.31,0.83,2.113,-2.766,-149.44,-1.1336,310,53.5,-24.66,0.92,1.78,-2.223,-60.42,-0.569,-0.9146999999999998,-123.77
9,21,14,2.0,10,14,1.5,5,3,505,55.2,4.34,1.01,2.048,-2.509,-77.32,0.0868,458,53.3,-75.03,0.87,2.086,-2.729,-122.96,-0.8086,220,55.0,-5.39,0.98,1.79,-2.242,-40.17,-0.1979,-0.9197,-76.08
9,21,7,3.0,14,20,1.5,5,3,482,55.6,-7.15,0.99,1.997,-2.534,-48.02,-0.2239,429,49.7,-119.09,0.8,2.17,-2.692,-143.79,-0.9787,219,55.3,5.84,1.03,1.841,-2.214,-32.19,0.2806,-0.9219999999999999,-120.4
9,34,14,2.0,14,14,1.2,6,5,108,52.8,-8.21,0.94,2.088,-2.494,-27.51,-0.4114,82,56.1,-3.02,0.97,2.071,-2.731,-38.17,-0.1167,28,50.0,-5.31,0.83,1.845,-2.224,-15.13,-0.4092,-0.9373,-16.54
9,34,10,3.0,14,14,1.5,5,3,484,55.0,8.79,1.02,2.083,-2.501,-68.81,0.1982,434,51.4,-93.03,0.84,2.154,-2.717,-121.0,-0.967,221,54.8,-4.27,0.98,1.801,-2.222,-36.97,-0.1709,-0.9397,-88.51
9,34,10,3.0,14,14,1.2,4,3,727,55.0,0.83,1.0,2.051,-2.507,-105.2,0.0121,719,52.4,-139.94,0.85,2.131,-2.758,-166.27,-1.0861,335,54.9,2.7,1.01,1.856,-2.243,-31.56,0.1293,-0.9447000000000001,-136.41
13,21,14,2.0,14,14,1.5,5,3,489,55.0,1.58,1.0,2.051,-2.5,-71.88,0.0337,435,53.6,-51.66,0.91,2.131,-2.713,-118.42,-0.6017,216,54.2,-11.94,0.95,1.8,-2.248,-45.22,-0.3769,-0.9449000000000001,-62.019999999999996
9,21,10,2.0,14,14,1.5,6,5,90,53.3,-12.66,0.88,1.867,-2.435,-31.72,-0.5197,69,49.3,-22.8,0.76,2.101,-2.693,-44.27,-0.5699,20,55.0,0.84,1.04,1.842,-2.157,-8.7,0.1408,-0.9487999999999999,-34.62
13,21,14,2.0,10,14,1.5,5,3,497,54.1,-16.32,0.97,2.066,-2.51,-91.57,-0.264,449,53.7,-60.37,0.89,2.103,-2.726,-119.23,-0.6895,215,55.3,0.03,1.0,1.805,-2.237,-39.37,0.001,-0.9525,-76.66
13,34,10,3.0,10,20,1.2,4,3,719,56.5,25.35,1.03,2.001,-2.515,-86.46,0.468,701,51.4,-152.17,0.84,2.19,-2.758,-168.19,-1.141,338,54.1,-7.96,0.98,1.85,-2.236,-40.42,-0.2896,-0.9626000000000001,-134.78
13,34,7,2.0,14,20,1.2,6,3,106,52.8,-15.23,0.88,1.979,-2.521,-37.28,-0.5346,69,53.6,-1.3,0.99,2.321,-2.725,-31.84,-0.06,28,50.0,-4.96,0.84,1.861,-2.216,-15.92,-0.3696,-0.9642,-21.490000000000002
13,21,10,2.0,14,14,1.2,6,5,109,51.4,-21.5,0.84,1.971,-2.489,-34.15,-0.7748,80,55.0,-9.33,0.91,2.025,-2.734,-39.46,-0.3236,27,55.6,0.9,1.03,1.794,-2.168,-10.42,0.1265,-0.9719,-29.93
13,21,10,2.0,14,20,1.2,6,5,109,54.1,-17.9,0.86,1.831,-2.518,-35.42,-0.65,71,53.5,-5.86,0.94,2.229,-2.744,-38.63,-0.2123,28,53.6,-1.08,0.96,1.809,-2.171,-12.45,-0.119,-0.9813000000000001,-24.839999999999996
9,21,7,2.0,14,14,1.2,4,3,743,56.0,16.92,1.02,2.036,-2.538,-66.4,0.3995,735,50.9,-221.86,0.78,2.103,-2.794,-238.67,-1.0894,355,54.9,-10.62,0.97,1.792,-2.25,-53.68,-0.2919,-0.9818,-215.56
9,34,10,2.0,10,20,1.2,4,5,631,55.8,27.03,1.04,2.077,-2.524,-76.23,0.5661,618,53.1,-113.71,0.86,2.103,-2.771,-136.67,-1.0854,313,54.0,-20.29,0.94,1.778,-2.228,-61.25,-0.4702,-0.9894999999999998,-106.97
13,34,7,2.0,14,20,1.2,6,5,103,53.4,-14.58,0.88,1.94,-2.527,-35.42,-0.5403,68,52.9,-5.17,0.94,2.278,-2.725,-34.98,-0.2067,27,51.9,-2.57,0.91,1.861,-2.202,-13.53,-0.2446,-0.9916,-22.32
13,34,14,2.0,10,20,1.5,4,5,624,55.3,15.15,1.02,2.075,-2.511,-92.39,0.2574,610,52.8,-143.09,0.82,2.024,-2.759,-160.44,-1.1103,296,55.4,-4.22,0.99,1.771,-2.232,-45.25,-0.1399,-0.9928,-132.16
9,34,10,2.0,14,14,1.5,4,5,626,55.9,23.58,1.03,2.051,-2.516,-65.6,0.5707,611,53.7,-93.72,0.88,2.101,-2.766,-125.12,-1.0053,303,52.8,-28.49,0.91,1.818,-2.233,-69.52,-0.5624,-0.9970000000000001,-98.63
13,21,10,2.0,14,20,1.2,5,3,522,53.8,-31.5,0.95,2.047,-2.518,-86.12,-0.5273,451,53.2,-64.03,0.89,2.119,-2.714,-118.12,-0.7316,224,56.2,6.4,1.03,1.796,-2.244,-39.48,0.2544,-1.0045000000000002,-89.13
9,34,14,2.0,10,14,1.2,4,5,634,55.5,14.09,1.02,2.06,-2.521,-83.64,0.264,629,53.1,-122.4,0.85,2.082,-2.772,-137.99,-1.1465,305,55.4,-4.39,0.99,1.767,-2.228,-53.61,-0.1232,-1.0057,-112.7
9,21,7,3.0,10,20,1.2,4,3,724,56.2,27.47,1.03,2.027,-2.516,-77.51,0.5653,717,52.0,-152.43,0.84,2.144,-2.768,-182.58,-1.0602,345,53.3,-20.81,0.94,1.859,-2.253,-57.85,-0.5111,-1.006,-145.77
9,21,7,2.0,10,14,1.5,4,3,727,56.4,19.77,1.02,2.011,-2.539,-67.28,0.464,731,50.5,-214.9,0.79,2.15,-2.785,-232.54,-1.0895,357,54.3,-17.65,0.95,1.795,-2.245,-66.84,-0.3821,-1.0076,-212.78
9,34,10,2.0,14,14,1.5,6,3,88,53.4,-6.71,0.93,1.995,-2.451,-33.86,-0.2754,66,53.0,-8.95,0.89,2.137,-2.701,-34.24,-0.347,21,47.6,-5.12,0.79,1.918,-2.209,-14.25,-0.3911,-1.0135,-20.78
13,21,10,2.0,14,14,1.5,6,3,90,53.3,-8.42,0.92,1.971,-2.453,-29.43,-0.3894,66,51.5,-12.88,0.85,2.165,-2.703,-36.99,-0.4371,21,52.4,-1.55,0.93,1.842,-2.181,-10.68,-0.1877,-1.0142,-22.85
13,34,7,2.0,14,14,1.2,6,5,103,50.5,-18.17,0.86,2.098,-2.496,-35.08,-0.6497,75,54.7,-7.55,0.92,2.083,-2.734,-35.18,-0.2966,26,53.8,-0.59,0.98,1.845,-2.202,-11.5,-0.0709,-1.0172,-26.310000000000002
13,21,14,2.0,14,20,1.2,6,3,112,54.5,-13.98,0.89,1.878,-2.52,-27.69,-0.6707,73,54.8,3.03,1.03,2.34,-2.744,-35.44,0.1328,29,48.3,-7.0,0.79,1.875,-2.217,-15.99,-0.4824,-1.0203,-17.950000000000003
13,21,7,2.0,10,14,1.2,4,3,731,56.1,10.44,1.01,2.009,-2.533,-79.22,0.2058,724,52.8,-151.75,0.84,2.099,-2.788,-191.04,-1.015,353,55.0,-7.31,0.98,1.802,-2.245,-51.49,-0.2115,-1.0207,-148.62
13,21,14,2.0,14,14,1.2,6,5,110,52.7,-12.83,0.9,2.016,-2.496,-25.49,-0.6666,81,55.6,-4.31,0.96,2.091,-2.734,-39.46,-0.1586,28,53.6,-1.74,0.94,1.794,-2.204,-11.56,-0.1993,-1.0245,-18.88
13,21,14,2.0,14,14,1.5,6,3,90,53.3,-8.7,0.92,1.965,-2.453,-29.43,-0.4015,67,52.2,-7.86,0.91,2.246,-2.703,-36.99,-0.2863,22,50.0,-4.18,0.83,1.842,-2.222,-13.31,-0.3633,-1.0511,-20.74
13,34,10,3.0,10,14,1.2,4,3,722,56.1,17.81,1.02,2.017,-2.521,-85.82,0.3274,704,51.8,-147.13,0.84,2.16,-2.76,-162.4,-1.1522,338,54.7,-6.06,0.98,1.825,-2.246,-39.49,-0.2275,-1.0522999999999998,-135.38
9,21,14,3.0,14,14,1.2,4,3,728,56.2,26.92,1.03,2.031,-2.52,-88.5,0.4856,720,52.1,-158.07,0.83,2.117,-2.76,-188.27,-1.0593,341,53.1,-17.3,0.95,1.896,-2.253,-51.68,-0.4786,-1.0522999999999998,-148.45
9,34,14,2.0,14,14,1.2,6,3,111,51.4,-15.68,0.88,2.088,-2.494,-32.55,-0.625,83,56.6,0.85,1.01,2.11,-2.731,-35.85,0.0363,29,48.3,-7.7,0.77,1.845,-2.235,-17.53,-0.4747,-1.0634000000000001,-22.53
13,34,7,2.0,10,20,1.2,4,3,725,55.3,-13.72,0.98,2.004,-2.522,-109.33,-0.1898,698,52.1,-144.93,0.84,2.155,-2.783,-171.27,-1.0804,341,55.4,5.48,1.02,1.834,-2.244,-41.16,0.2053,-1.0649,-153.17000000000002
13,34,14,2.0,14,14,1.5,4,5,626,55.1,7.34,1.01,2.065,-2.509,-99.98,0.114,605,52.1,-153.23,0.81,2.057,-2.762,-164.63,-1.1377,296,55.1,-1.47,1.0,1.822,-2.244,-52.19,-0.0427,-1.0663999999999998,-147.35999999999999
9,21,7,2.0,14,14,1.5,6,5,86,52.3,-13.65,0.86,1.924,-2.445,-30.62,-0.5682,67,47.8,-28.56,0.7,2.053,-2.693,-44.59,-0.6452,20,55.0,0.84,1.04,1.842,-2.157,-8.7,0.1408,-1.0726,-41.37
9,34,14,2.0,10,20,1.2,4,5,633,55.9,23.33,1.03,2.052,-2.521,-85.38,0.4351,621,53.0,-121.49,0.85,2.095,-2.776,-138.95,-1.129,312,54.5,-14.08,0.96,1.775,-2.224,-52.99,-0.385,-1.0789,-112.24
9,21,14,2.0,14,14,1.5,6,5,91,53.8,-9.07,0.91,1.902,-2.435,-29.43,-0.4179,68,50.0,-16.36,0.82,2.206,-2.687,-42.86,-0.4595,21,52.4,-1.79,0.92,1.842,-2.205,-11.33,-0.2031,-1.0805,-27.22
9,21,7,2.0,10,20,1.2,4,3,732,56.0,9.83,1.01,2.02,-2.542,-82.39,0.1862,727,51.2,-198.28,0.8,2.135,-2.796,-225.05,-1.0611,355,54.6,-7.9,0.98,1.82,-2.243,-54.69,-0.2146,-1.0895,-196.35
13,34,7,2.0,14,14,1.2,6,3,107,49.5,-21.56,0.84,2.136,-2.495,-40.12,-0.6585,76,55.3,-3.69,0.96,2.126,-2.734,-33.21,-0.1606,27,51.9,-2.98,0.9,1.845,-2.216,-13.9,-0.2725,-1.0916,-28.23
9,34,7,2.0,14,14,1.5,6,5,83,53.0,-5.27,0.95,2.062,-2.461,-32.75,-0.2257,61,49.2,-20.78,0.75,2.099,-2.701,-38.59,-0.5887,20,50.0,-2.73,0.88,1.918,-2.191,-11.86,-0.2785,-1.0929,-28.78
13,21,10,3.0,14,14,1.5,4,3,723,54.9,-12.75,0.98,2.028,-2.509,-114.2,-0.1688,710,52.3,-153.15,0.84,2.106,-2.756,-189.56,-1.0231,328,54.9,2.43,1.01,1.867,-2.255,-39.46,0.0935,-1.0984,-163.47
9,34,10,2.0,14,20,1.2,6,5,107,54.2,-13.28,0.89,1.898,-2.517,-36.48,-0.4877,71,53.5,-5.46,0.94,2.218,-2.719,-34.89,-0.2193,28,50.0,-4.65,0.85,1.861,-2.194,-13.64,-0.4045,-1.1115000000000002,-23.39
9,21,14,2.0,14,20,1.5,5,3,487,55.0,-14.59,0.97,2.002,-2.517,-68.43,-0.3172,436,53.4,-59.85,0.89,2.112,-2.719,-112.52,-0.7212,217,55.3,-1.86,0.99,1.795,-2.24,-38.15,-0.0733,-1.1117,-76.3
13,21,10,2.0,14,20,1.2,6,3,112,53.6,-18.77,0.86,1.865,-2.512,-32.48,-0.7373,72,54.2,-1.99,0.98,2.271,-2.744,-35.44,-0.0824,29,51.7,-3.48,0.89,1.809,-2.187,-14.84,-0.2952,-1.1149,-24.24
13,34,10,2.0,14,20,1.5,4,5,623,55.1,4.9,1.01,2.066,-2.513,-87.33,0.0866,596,52.7,-132.84,0.83,2.055,-2.759,-147.49,-1.1328,296,54.7,-2.3,0.99,1.824,-2.222,-48.19,-0.0717,-1.1179000000000001,-130.24
9,34,7,2.0,10,20,1.2,4,3,724,55.8,-1.08,1.0,2.003,-2.532,-94.27,-0.0176,710,52.3,-152.57,0.84,2.146,-2.799,-194.06,-0.9994,350,54.9,-3.51,0.99,1.819,-2.233,-52.14,-0.1012,-1.1181999999999999,-157.16
9,21,14,3.0,10,14,1.2,4,3,723,56.4,27.45,1.03,2.021,-2.531,-81.14,0.5408,721,52.1,-148.43,0.84,2.146,-2.769,-181.04,-1.0478,344,52.6,-28.97,0.92,1.871,-2.256,-64.8,-0.619,-1.1260000000000001,-149.95
9,21,10,2.0,14,20,1.2,5,3,532,54.7,-15.75,0.97,2.033,-2.52,-64.37,-0.3629,460,53.0,-72.76,0.88,2.113,-2.723,-112.39,-0.8605,229,55.9,2.43,1.01,1.787,-2.241,-43.82,0.0856,-1.1378000000000001,-86.08
13,21,14,2.0,14,20,1.5,5,3,476,54.0,-33.66,0.94,2.009,-2.511,-79.78,-0.6024,428,53.7,-50.35,0.91,2.115,-2.711,-114.22,-0.6088,212,55.2,1.75,1.01,1.83,-2.236,-38.72,0.0688,-1.1424,-82.25999999999999
13,21,7,3.0,10,20,1.5,4,3,719,55.2,-7.99,0.99,2.011,-2.505,-106.19,-0.1146,704,52.3,-136.24,0.85,2.151,-2.762,-175.91,-1.0005,333,55.0,-1.04,1.0,1.842,-2.255,-44.98,-0.035,-1.1501,-145.27
9,21,14,2.0,14,14,1.5,4,3,738,56.0,17.14,1.02,2.035,-2.533,-66.14,0.4064,727,51.6,-184.94,0.81,2.12,-2.783,-204.32,-1.1076,359,54.3,-21.35,0.94,1.775,-2.24,-67.4,-0.4537,-1.1549,-189.15
9,34,10,2.0,14,20,1.2,6,3,109,53.2,-18.03,0.86,1.898,-2.512,-38.39,-0.6026,72,54.2,-1.59,0.98,2.26,-2.719,-31.7,-0.0737,29,48.3,-7.05,0.79,1.861,-2.207,-16.03,-0.4828,-1.1591,-26.67
9,34,10,2.0,14,14,1.2,6,5,107,51.4,-16.88,0.87,2.045,-2.487,-36.18,-0.5975,81,55.6,-8.04,0.92,2.006,-2.731,-38.17,-0.2932,27,51.9,-2.67,0.91,1.845,-2.193,-12.5,-0.2724,-1.1631,-27.589999999999996
9,21,10,3.0,10,20,1.2,4,3,721,56.2,26.55,1.03,2.032,-2.52,-83.62,0.5063,718,52.2,-144.84,0.85,2.142,-2.764,-179.38,-1.0356,344,52.3,-33.57,0.91,1.867,-2.254,-72.33,-0.634,-1.1633,-151.86
9,21,7,3.0,10,14,1.2,4,3,729,56.2,14.46,1.02,2.0,-2.526,-84.61,0.2687,725,52.0,-157.0,0.84,2.137,-2.767,-184.1,-1.0791,341,54.0,-13.04,0.96,1.858,-2.26,-53.54,-0.3547,-1.1651,-155.57999999999998
13,21,7,3.0,14,20,1.2,4,3,727,55.2,-7.72,0.99,2.022,-2.51,-102.93,-0.1142,709,51.6,-165.85,0.82,2.132,-2.758,-190.95,-1.0804,335,54.6,0.62,1.0,1.877,-2.256,-36.8,0.0254,-1.1692,-172.95
9,21,7,3.0,14,20,1.2,4,3,730,55.9,16.32,1.02,2.025,-2.515,-90.96,0.2823,715,51.9,-164.17,0.83,2.12,-2.764,-192.56,-1.0658,341,53.7,-14.68,0.96,1.872,-2.261,-54.27,-0.3914,-1.1749,-162.53
13,21,7,2.0,14,20,1.2,6,5,105,53.3,-18.9,0.85,1.874,-2.528,-34.36,-0.6946,69,52.2,-11.27,0.88,2.202,-2.744,-39.65,-0.3694,28,53.6,-1.08,0.96,1.809,-2.171,-12.45,-0.119,-1.183,-31.25
13,21,7,2.0,14,14,1.2,6,5,105,50.5,-22.49,0.83,2.025,-2.497,-33.05,-0.8218,77,53.2,-16.11,0.84,2.007,-2.734,-40.48,-0.4978,27,55.6,0.9,1.03,1.794,-2.168,-10.42,0.1265,-1.1930999999999998,-37.699999999999996
9,21,14,3.0,14,20,1.2,4,3,725,55.9,19.73,1.02,2.038,-2.517,-94.31,0.3305,712,52.4,-147.85,0.84,2.116,-2.765,-192.75,-0.9794,342,52.6,-25.85,0.93,1.889,-2.258,-66.25,-0.5453,-1.1942,-153.97
9,21,7,2.0,14,20,1.2,4,3,739,55.8,10.75,1.01,2.04,-2.538,-78.42,0.2135,728,50.5,-231.47,0.77,2.11,-2.799,-251.85,-1.0616,357,54.3,-13.06,0.96,1.819,-2.245,-54.87,-0.3479,-1.1960000000000002,-233.78
9,34,7,2.0,10,14,1.2,4,3,729,56.0,1.85,1.0,1.994,-2.529,-91.76,0.0312,718,52.4,-161.67,0.83,2.116,-2.799,-203.64,-1.0004,352,55.1,-9.74,0.97,1.772,-2.238,-60.37,-0.2395,-1.2086999999999999,-169.56
13,21,14,2.0,14,14,1.2,6,3,113,51.3,-20.3,0.85,2.016,-2.495,-30.52,-0.8303,82,56.1,-0.45,1.0,2.13,-2.734,-35.96,-0.0188,29,51.7,-4.13,0.87,1.794,-2.217,-13.96,-0.3631,-1.2122000000000002,-24.88
9,34,14,2.0,10,14,1.5,4,5,626,55.9,21.07,1.03,2.046,-2.518,-81.25,0.4115,622,53.4,-109.19,0.86,2.093,-2.773,-120.16,-1.1945,303,53.8,-20.37,0.93,1.796,-2.237,-66.75,-0.4324,-1.2153999999999998,-108.49000000000001
9,34,10,2.0,14,14,1.2,4,5,633,55.3,16.19,1.02,2.084,-2.52,-70.75,0.3583,619,52.5,-130.84,0.84,2.097,-2.763,-148.49,-1.1198,304,53.6,-20.15,0.94,1.804,-2.228,-62.69,-0.4548,-1.2163,-134.8
13,21,7,2.0,14,14,1.5,6,3,86,52.3,-9.41,0.91,2.035,-2.463,-28.33,-0.4434,63,49.2,-19.66,0.77,2.156,-2.703,-37.47,-0.5892,21,52.4,-1.55,0.93,1.842,-2.181,-10.68,-0.1877,-1.2203,-30.62
9,21,10,2.0,10,14,1.2,4,3,740,55.9,9.87,1.01,2.022,-2.538,-72.68,0.2114,732,51.8,-181.24,0.82,2.12,-2.79,-210.98,-1.0589,358,54.5,-15.52,0.96,1.8,-2.248,-60.23,-0.3749,-1.2224,-186.89000000000001
13,21,7,2.0,10,20,1.2,4,3,726,55.4,-8.0,0.99,2.021,-2.533,-90.51,-0.1344,720,51.9,-170.47,0.82,2.124,-2.788,-206.38,-1.0283,353,54.7,-1.82,0.99,1.845,-2.236,-44.17,-0.062,-1.2247000000000001,-180.29
13,21,10,2.0,14,14,1.2,6,3,113,50.4,-25.1,0.82,2.005,-2.489,-35.32,-0.8523,81,55.6,-5.47,0.94,2.066,-2.734,-35.96,-0.2173,28,53.6,-1.5,0.95,1.794,-2.185,-12.82,-0.1575,-1.2270999999999999,-32.07
9,21,10,2.0,14,14,1.5,6,3,92,53.3,-11.22,0.89,1.908,-2.435,-29.43,-0.5044,70,50.0,-18.93,0.8,2.152,-2.693,-41.19,-0.5379,21,52.4,-1.55,0.93,1.842,-2.181,-10.68,-0.1877,-1.23,-31.7
9,21,14,2.0,14,14,1.2,4,3,745,55.6,10.03,1.01,2.05,-2.533,-72.11,0.2159,730,52.1,-172.76,0.82,2.111,-2.785,-190.59,-1.1282,358,54.7,-13.65,0.96,1.787,-2.246,-60.94,-0.3282,-1.2405000000000002,-176.38
9,21,10,2.0,14,14,1.2,6,5,111,51.4,-24.3,0.82,1.917,-2.473,-33.08,-0.8826,85,52.9,-18.02,0.83,2.017,-2.72,-46.06,-0.4888,27,55.6,0.9,1.03,1.794,-2.168,-10.42,0.1265,-1.2449,-41.42
9,34,14,2.0,14,14,1.2,4,5,634,55.4,15.65,1.02,2.075,-2.518,-76.46,0.3208,621,52.3,-137.23,0.83,2.099,-2.768,-154.6,-1.1184,303,53.8,-17.91,0.94,1.805,-2.23,-56.83,-0.449,-1.2466000000000002,-139.48999999999998
9,21,14,2.0,10,14,1.5,4,3,735,56.1,13.24,1.02,2.018,-2.533,-71.03,0.2914,728,51.5,-175.4,0.82,2.146,-2.776,-194.71,-1.1149,362,54.1,-21.55,0.94,1.785,-2.237,-72.89,-0.4235,-1.2469999999999999,-183.71
9,34,14,2.0,14,14,1.5,4,5,627,56.0,23.01,1.03,2.043,-2.515,-71.31,0.5128,614,52.9,-119.14,0.85,2.099,-2.772,-134.65,-1.1435,302,52.6,-32.14,0.9,1.81,-2.237,-69.54,-0.6257,-1.2564,-128.26999999999998
13,21,14,3.0,10,14,1.5,4,3,716,55.2,1.47,1.0,2.048,-2.516,-103.28,0.0219,709,50.9,-180.11,0.81,2.174,-2.773,-216.51,-1.0164,338,53.8,-10.96,0.97,1.859,-2.239,-60.22,-0.2667,-1.2611999999999999,-189.60000000000002
9,34,14,3.0,10,14,1.2,4,3,723,55.2,0.82,1.0,2.048,-2.519,-103.54,0.0122,713,52.3,-138.54,0.85,2.158,-2.774,-175.33,-1.021,342,54.4,-9.01,0.97,1.833,-2.244,-51.78,-0.2568,-1.2655999999999998,-146.73
9,21,10,2.0,10,14,1.5,4,3,730,56.2,13.89,1.02,2.016,-2.539,-72.58,0.2997,732,50.7,-211.0,0.79,2.138,-2.781,-231.18,-1.0816,362,53.9,-24.41,0.93,1.799,-2.247,-71.44,-0.4847,-1.2666,-221.52
9,21,10,2.0,14,14,1.2,4,3,745,55.6,10.87,1.01,2.054,-2.536,-71.76,0.2354,736,51.5,-205.12,0.79,2.086,-2.79,-224.37,-1.0949,358,54.5,-15.97,0.96,1.8,-2.252,-56.88,-0.4077,-1.2671999999999999,-210.22
9,21,14,2.0,14,14,1.5,6,3,92,53.3,-11.5,0.89,1.902,-2.435,-29.43,-0.5157,69,50.7,-12.5,0.86,2.253,-2.687,-39.77,-0.3988,22,50.0,-4.18,0.83,1.842,-2.222,-13.31,-0.3633,-1.2778,-28.18
9,34,7,2.0,14,14,1.5,6,3,84,52.4,-7.7,0.92,2.062,-2.461,-32.75,-0.3205,62,50.0,-16.91,0.8,2.156,-2.701,-34.72,-0.5668,21,47.6,-5.12,0.79,1.918,-2.209,-14.25,-0.3911,-1.2784,-29.73
9,34,10,2.0,14,14,1.2,6,3,110,50.0,-24.35,0.82,2.045,-2.487,-41.22,-0.7111,82,56.1,-4.17,0.96,2.046,-2.731,-35.85,-0.1692,28,50.0,-5.07,0.84,1.845,-2.207,-14.89,-0.3997,-1.28,-33.59
9,21,10,2.0,14,20,1.2,6,5,111,54.1,-20.71,0.84,1.781,-2.502,-34.35,-0.7559,76,51.3,-14.55,0.86,2.215,-2.728,-45.23,-0.4076,28,53.6,-1.08,0.96,1.809,-2.171,-12.45,-0.119,-1.2825,-36.34
9,21,14,2.0,14,20,1.2,6,5,112,55.4,-12.04,0.9,1.829,-2.509,-25.68,-0.6337,75,52.0,-8.12,0.92,2.307,-2.724,-43.81,-0.2525,28,50.0,-4.61,0.85,1.875,-2.204,-13.6,-0.4029,-1.2891000000000001,-24.769999999999996
13,34,14,2.0,14,20,1.5,4,5,624,55.0,0.79,1.0,2.059,-2.511,-93.54,0.0129,599,52.4,-146.2,0.81,2.041,-2.762,-160.57,-1.123,297,54.9,-6.17,0.98,1.794,-2.229,-48.39,-0.1895,-1.2996,-151.57999999999998
13,21,7,2.0,14,14,1.2,4,3,737,55.9,14.13,1.02,2.03,-2.53,-79.93,0.2768,729,52.3,-182.78,0.81,2.055,-2.775,-204.99,-1.0953,349,53.9,-18.39,0.95,1.821,-2.24,-54.35,-0.4853,-1.3038,-187.04000000000002
9,21,7,2.0,14,14,1.5,4,3,734,55.9,13.02,1.02,2.036,-2.536,-73.1,0.2783,729,50.6,-221.76,0.78,2.122,-2.791,-238.88,-1.0852,355,54.1,-22.75,0.94,1.788,-2.246,-64.57,-0.5014,-1.3083,-231.48999999999998
9,34,7,3.0,10,14,1.2,4,3,727,54.9,-23.92,0.97,2.006,-2.514,-104.18,-0.3421,713,52.0,-150.89,0.84,2.148,-2.772,-181.17,-1.0588,341,55.1,2.32,1.01,1.837,-2.242,-38.15,0.0924,-1.3085,-172.49
9,34,7,2.0,10,14,1.5,4,3,715,55.7,-7.05,0.99,1.996,-2.528,-99.61,-0.1081,714,52.2,-156.3,0.84,2.134,-2.793,-193.04,-1.025,348,54.9,-8.25,0.98,1.796,-2.237,-63.45,-0.1937,-1.3268,-171.60000000000002
9,34,7,2.0,14,14,1.2,4,3,738,56.0,7.76,1.01,2.007,-2.526,-90.84,0.133,720,52.1,-173.82,0.82,2.094,-2.78,-207.38,-1.0387,349,53.9,-20.29,0.94,1.802,-2.23,-67.87,-0.4276,-1.3333,-186.35
13,34,7,2.0,10,14,1.2,4,3,727,55.7,-5.43,0.99,1.993,-2.523,-89.54,-0.0928,705,52.3,-156.99,0.83,2.111,-2.786,-184.05,-1.0756,345,55.4,-5.98,0.98,1.782,-2.249,-53.3,-0.1681,-1.3364999999999998,-168.4
13,34,7,2.0,10,14,1.5,4,3,716,55.3,-7.15,0.99,2.014,-2.515,-108.02,-0.1009,699,52.4,-135.61,0.85,2.156,-2.776,-161.07,-1.0879,340,55.0,-5.35,0.98,1.81,-2.248,-53.85,-0.1488,-1.3376000000000001,-148.11
9,21,10,3.0,14,14,1.2,4,3,733,55.8,9.48,1.01,2.019,-2.52,-101.59,0.1456,723,52.1,-159.2,0.83,2.107,-2.756,-185.29,-1.0831,338,53.3,-14.27,0.96,1.901,-2.256,-49.55,-0.4152,-1.3527,-163.99
9,34,7,2.0,14,14,1.5,4,3,723,55.7,-1.59,1.0,2.002,-2.527,-96.44,-0.0254,710,52.1,-164.12,0.83,2.121,-2.791,-197.09,-1.0424,345,54.5,-12.49,0.96,1.798,-2.233,-61.97,-0.2955,-1.3633000000000002,-178.20000000000002
9,34,7,2.0,14,20,1.2,6,5,103,53.4,-14.28,0.88,1.946,-2.527,-35.42,-0.5307,68,51.5,-12.06,0.87,2.22,-2.719,-35.91,-0.4283,28,50.0,-4.65,0.85,1.861,-2.194,-13.64,-0.4045,-1.3635,-30.990000000000002
13,21,14,2.0,14,14,1.5,4,3,730,55.6,8.33,1.01,2.033,-2.522,-82.51,0.1569,719,52.0,-172.82,0.82,2.1,-2.777,-188.9,-1.1339,351,54.1,-16.7,0.95,1.806,-2.235,-62.02,-0.3895,-1.3664999999999998,-181.18999999999997
13,21,7,2.0,14,20,1.2,6,3,108,52.8,-19.77,0.85,1.909,-2.521,-31.38,-0.7894,70,52.9,-7.4,0.92,2.247,-2.744,-35.78,-0.2825,29,51.7,-3.48,0.89,1.809,-2.187,-14.84,-0.2952,-1.3670999999999998,-30.650000000000002
9,34,7,2.0,14,20,1.2,4,3,732,55.7,1.73,1.0,2.012,-2.528,-90.29,0.0297,707,52.2,-156.81,0.83,2.126,-2.785,-190.44,-1.0389,348,53.7,-14.7,0.96,1.843,-2.232,-59.49,-0.3583,-1.3675,-169.78
9,21,14,2.0,14,14,1.2,6,5,112,52.7,-15.63,0.88,1.963,-2.48,-24.42,-0.8272,84,53.6,-11.59,0.89,2.097,-2.716,-44.64,-0.3473,28,53.6,-1.74,0.94,1.794,-2.204,-11.56,-0.1993,-1.3738000000000001,-28.959999999999997
9,21,14,2.0,10,14,1.2,4,3,743,55.6,0.56,1.0,2.026,-2.534,-79.84,0.0108,727,52.5,-146.54,0.85,2.132,-2.786,-181.74,-1.0367,358,54.5,-16.07,0.96,1.79,-2.24,-65.09,-0.3591,-1.385,-162.04999999999998
9,21,7,2.0,14,14,1.5,6,3,88,52.3,-12.22,0.88,1.966,-2.444,-28.33,-0.5588,68,48.5,-24.69,0.74,2.108,-2.693,-41.19,-0.6416,21,52.4,-1.55,0.93,1.842,-2.181,-10.68,-0.1877,-1.3881,-38.46
13,21,7,3.0,10,14,1.5,4,3,723,55.2,-11.83,0.99,2.01,-2.512,-109.89,-0.1632,707,51.2,-167.84,0.82,2.172,-2.766,-201.83,-1.0311,335,54.3,-7.12,0.98,1.848,-2.245,-50.02,-0.2108,-1.4051,-186.79000000000002
9,21,7,2.0,14,14,1.2,6,5,107,50.5,-25.29,0.81,1.967,-2.481,-31.98,-0.9321,83,51.8,-23.79,0.78,1.977,-2.72,-46.06,-0.5996,27,55.6,0.9,1.03,1.794,-2.168,-10.42,0.1265,-1.4052,-48.18
9,34,7,2.0,14,14,1.2,6,5,103,50.5,-17.87,0.86,2.104,-2.496,-35.08,-0.6408,77,53.2,-16.01,0.84,2.007,-2.731,-40.37,-0.4964,27,51.9,-2.67,0.91,1.845,-2.193,-12.5,-0.2724,-1.4096,-36.550000000000004
13,21,14,2.0,14,20,1.2,5,3,520,54.0,-24.14,0.96,2.049,-2.51,-75.94,-0.4639,452,53.5,-61.43,0.89,2.102,-2.714,-115.17,-0.7245,227,55.1,-7.45,0.97,1.768,-2.239,-49.37,-0.2218,-1.4102000000000001,-93.02
13,21,7,3.0,14,14,1.2,4,3,728,55.2,-5.51,0.99,2.029,-2.519,-108.18,-0.0778,720,51.5,-175.95,0.82,2.117,-2.754,-191.7,-1.1303,336,54.2,-6.5,0.98,1.879,-2.262,-46.78,-0.2058,-1.4139000000000002,-187.95999999999998
9,21,14,2.0,14,20,1.2,5,3,530,54.9,-8.39,0.99,2.035,-2.512,-54.19,-0.2321,461,53.4,-70.34,0.88,2.095,-2.725,-109.62,-0.858,232,54.7,-11.59,0.95,1.759,-2.239,-51.02,-0.3277,-1.4178000000000002,-90.32000000000001
13,21,14,3.0,14,20,1.2,4,3,725,54.9,-16.54,0.98,2.025,-2.516,-118.51,-0.2101,712,51.8,-163.34,0.83,2.126,-2.763,-202.33,-1.0095,336,53.9,-6.27,0.98,1.897,-2.256,-46.71,-0.1985,-1.4181,-186.15
13,34,7,2.0,14,20,1.2,4,3,736,54.8,-28.6,0.97,2.01,-2.519,-112.81,-0.3757,697,52.1,-152.61,0.84,2.131,-2.772,-168.94,-1.1407,341,55.1,3.15,1.01,1.839,-2.239,-49.32,0.0981,-1.4183,-178.06
9,21,7,2.0,14,20,1.2,6,5,107,53.3,-21.7,0.83,1.821,-2.51,-33.29,-0.8024,75,50.7,-18.94,0.81,2.158,-2.728,-45.23,-0.5015,28,53.6,-1.08,0.96,1.809,-2.171,-12.45,-0.119,-1.4229,-41.72
9,21,14,2.0,14,20,1.2,6,3,114,54.4,-16.78,0.87,1.829,-2.504,-26.62,-0.8171,76,52.6,-4.25,0.96,2.346,-2.724,-40.86,-0.1482,29,48.3,-7.0,0.79,1.875,-2.217,-15.99,-0.4824,-1.4477,-28.03
13,21,14,3.0,10,20,1.2,4,3,715,55.2,-1.43,1.0,2.035,-2.517,-101.8,-0.0216,712,51.7,-158.49,0.83,2.16,-2.771,-198.73,-1.0035,343,53.1,-18.04,0.95,1.886,-2.244,-61.05,-0.4227,-1.4478000000000002,-177.96
9,21,10,3.0,14,20,1.2,4,3,730,55.6,6.12,1.01,2.024,-2.517,-106.28,0.0895,715,52.3,-150.4,0.84,2.116,-2.762,-184.4,-1.0382,339,52.8,-22.82,0.94,1.894,-2.261,-64.13,-0.5017,-1.4504000000000001,-167.1
13,21,10,2.0,10,14,1.2,4,3,735,55.4,-3.27,1.0,2.029,-2.527,-88.57,-0.0566,724,52.3,-165.31,0.83,2.099,-2.784,-202.94,-1.0224,357,54.3,-15.48,0.96,1.81,-2.249,-60.51,-0.3721,-1.4510999999999998,-184.06
13,21,7,2.0,10,14,1.5,4,3,721,55.6,-5.66,0.99,2.004,-2.529,-91.29,-0.0948,725,52.1,-164.63,0.83,2.116,-2.78,-195.98,-1.0545,351,54.1,-12.84,0.96,1.829,-2.239,-59.34,-0.3162,-1.4655,-183.13
13,21,14,2.0,10,14,1.5,4,3,727,55.4,-1.07,1.0,2.025,-2.522,-85.13,-0.0194,724,52.1,-165.02,0.83,2.117,-2.775,-190.03,-1.0885,356,53.9,-17.11,0.95,1.818,-2.233,-68.78,-0.3599,-1.4678,-183.2
9,34,7,2.0,14,20,1.2,6,3,105,52.4,-19.02,0.85,1.946,-2.521,-37.28,-0.643,69,52.2,-8.19,0.91,2.265,-2.719,-32.04,-0.3428,29,48.3,-7.05,0.79,1.861,-2.207,-16.03,-0.4828,-1.4686,-34.26
13,34,7,2.0,14,14,1.5,4,3,727,54.9,-19.27,0.98,2.018,-2.513,-108.85,-0.2653,695,52.2,-147.53,0.84,2.135,-2.779,-163.86,-1.1445,338,55.3,-2.29,0.99,1.8,-2.245,-54.03,-0.0642,-1.4740000000000002,-169.09
9,21,7,2.0,10,20,1.5,4,3,722,55.4,-6.52,0.99,2.027,-2.539,-83.35,-0.1191,725,51.2,-199.15,0.8,2.122,-2.787,-226.81,-1.0548,348,54.3,-11.67,0.97,1.826,-2.244,-56.76,-0.3017,-1.4756,-217.34
9,21,10,2.0,14,14,1.5,4,3,736,55.7,9.28,1.01,2.041,-2.538,-76.16,0.1893,732,51.0,-215.05,0.79,2.106,-2.788,-230.61,-1.1005,359,53.8,-27.08,0.93,1.792,-2.247,-66.75,-0.57,-1.4811999999999999,-232.85000000000002
9,21,10,3.0,10,14,1.2,4,3,729,56.1,11.86,1.01,2.008,-2.529,-92.39,0.2012,723,52.4,-142.39,0.85,2.134,-2.765,-173.89,-1.0553,343,52.5,-30.24,0.92,1.876,-2.257,-66.05,-0.6311,-1.4851999999999999,-160.76999999999998
9,21,10,2.0,14,20,1.2,6,3,114,53.5,-21.57,0.84,1.815,-2.497,-31.41,-0.8551,77,51.9,-10.68,0.89,2.257,-2.728,-42.28,-0.3354,29,51.7,-3.48,0.89,1.809,-2.187,-14.84,-0.2952,-1.4857,-35.73
13,21,10,3.0,10,20,1.5,4,3,716,55.0,-7.57,0.99,2.031,-2.509,-107.49,-0.1071,708,52.1,-143.54,0.85,2.15,-2.764,-185.98,-0.9889,334,53.9,-14.29,0.96,1.845,-2.249,-52.67,-0.3928,-1.4888000000000001,-165.39999999999998
13,21,7,3.0,10,20,1.2,4,3,722,55.4,-0.47,1.0,2.02,-2.511,-94.13,-0.0076,711,51.6,-157.47,0.83,2.163,-2.765,-192.71,-1.0285,341,53.4,-16.17,0.95,1.875,-2.248,-50.86,-0.4565,-1.4926,-174.11
13,21,7,2.0,14,14,1.2,6,3,109,49.5,-26.09,0.81,2.06,-2.497,-34.22,-0.8975,78,53.8,-12.25,0.88,2.052,-2.734,-36.61,-0.4386,28,53.6,-1.5,0.95,1.794,-2.185,-12.82,-0.1575,-1.4936,-39.84
13,21,14,2.0,14,14,1.2,4,3,740,55.3,4.13,1.0,2.053,-2.524,-91.72,0.0695,722,52.4,-169.58,0.82,2.071,-2.769,-185.17,-1.1407,352,54.0,-18.47,0.95,1.811,-2.238,-61.65,-0.4308,-1.5020000000000002,-183.92000000000002
9,21,14,2.0,14,20,1.2,4,3,741,55.3,-2.56,1.0,2.04,-2.535,-86.1,-0.0456,724,51.8,-185.86,0.81,2.105,-2.794,-204.51,-1.1112,360,54.2,-14.62,0.96,1.822,-2.242,-60.66,-0.3512,-1.508,-203.04000000000002
9,34,10,3.0,10,14,1.2,4,3,725,55.0,-12.13,0.99,2.025,-2.516,-97.29,-0.1885,715,52.4,-137.99,0.85,2.145,-2.772,-173.63,-1.0283,341,54.3,-9.62,0.97,1.838,-2.242,-47.18,-0.2995,-1.5163000000000002,-159.74
13,21,14,2.0,10,14,1.2,4,3,737,55.2,-4.7,0.99,2.036,-2.525,-93.71,-0.0765,722,52.6,-151.82,0.84,2.105,-2.783,-184.78,-1.0483,357,54.1,-19.22,0.95,1.804,-2.24,-68.56,-0.4034,-1.5282,-175.73999999999998
13,21,7,2.0,14,20,1.2,4,3,733,55.4,-2.16,1.0,2.032,-2.529,-85.82,-0.0386,721,51.7,-189.0,0.8,2.087,-2.78,-212.51,-1.0807,350,53.7,-13.72,0.96,1.857,-2.24,-47.7,-0.4167,-1.536,-204.88
9,21,10,2.0,10,20,1.2,4,3,736,55.4,-7.0,0.99,2.024,-2.538,-93.62,-0.1141,728,51.2,-197.55,0.8,2.126,-2.79,-226.85,-1.0497,359,54.0,-15.57,0.96,1.829,-2.245,-60.21,-0.3754,-1.5392000000000001,-220.12
9,21,10,2.0,14,14,1.2,6,3,115,50.4,-27.9,0.8,1.951,-2.474,-34.25,-0.955,86,53.5,-14.16,0.87,2.058,-2.72,-42.79,-0.4316,28,53.6,-1.5,0.95,1.794,-2.185,-12.82,-0.1575,-1.5441,-43.56
9,34,7,2.0,10,20,1.5,4,3,712,54.8,-20.57,0.97,2.033,-2.527,-100.85,-0.3047,707,52.5,-145.36,0.84,2.13,-2.785,-187.45,-0.9934,342,54.4,-10.01,0.97,1.826,-2.242,-58.25,-0.2533,-1.5514000000000001,-175.94
13,21,7,2.0,14,14,1.5,4,3,727,55.6,-1.44,1.0,2.018,-2.528,-90.34,-0.0245,723,52.0,-176.82,0.82,2.097,-2.781,-203.01,-1.0761,347,53.9,-17.58,0.95,1.821,-2.238,-55.58,-0.4546,-1.5552000000000001,-195.83999999999997
13,34,10,2.0,14,20,1.2,4,3,739,54.1,-43.62,0.95,2.022,-2.515,-121.35,-0.5214,696,51.9,-158.31,0.83,2.13,-2.768,-174.63,-1.1351,344,54.9,2.63,1.01,1.854,-2.244,-45.25,0.0888,-1.5676999999999999,-199.3
13,21,10,2.0,14,14,1.2,4,3,740,55.3,2.58,1.0,2.05,-2.526,-86.59,0.0459,726,52.2,-183.46,0.81,2.053,-2.771,-203.31,-1.106,352,53.7,-20.69,0.94,1.825,-2.243,-57.48,-0.5129,-1.573,-201.57
9,21,10,2.0,14,20,1.2,4,3,741,55.3,-1.72,1.0,2.044,-2.537,-87.41,-0.0301,730,51.0,-221.49,0.78,2.095,-2.795,-237.67,-1.0909,360,53.9,-18.41,0.95,1.827,-2.246,-58.07,-0.456,-1.577,-241.62
9,21,14,2.0,14,14,1.2,6,3,115,51.3,-23.1,0.83,1.963,-2.481,-29.46,-0.9568,85,54.1,-7.72,0.93,2.135,-2.716,-41.38,-0.2604,29,51.7,-4.13,0.87,1.794,-2.217,-13.96,-0.3631,-1.5803,-34.95
9,34,7,2.0,14,14,1.2,6,3,106,49.1,-25.35,0.81,2.104,-2.495,-40.12,-0.746,78,53.8,-12.14,0.88,2.052,-2.731,-36.51,-0.4365,28,50.0,-5.07,0.84,1.845,-2.207,-14.89,-0.3997,-1.5822,-42.56
13,34,14,2.0,14,14,1.5,4,3,727,54.9,-4.31,0.99,2.05,-2.507,-87.48,-0.075,695,51.7,-164.47,0.82,2.139,-2.774,-180.8,-1.1299,343,54.2,-15.44,0.96,1.813,-2.247,-58.91,-0.38,-1.5848999999999998,-184.22
13,21,14,3.0,14,14,1.2,4,3,726,55.1,-6.53,0.99,2.038,-2.521,-120.21,-0.0829,720,51.8,-167.72,0.83,2.12,-2.763,-191.56,-1.0909,338,53.3,-15.35,0.96,1.899,-2.261,-53.57,-0.4127,-1.5865,-189.6
13,21,10,3.0,14,20,1.2,4,3,727,54.9,-16.53,0.98,2.026,-2.515,-113.4,-0.2193,712,52.2,-148.56,0.84,2.121,-2.757,-180.6,-1.0481,334,53.6,-10.25,0.97,1.896,-2.256,-43.58,-0.3426,-1.61,-175.34
13,21,10,2.0,10,14,1.5,4,3,723,55.3,-8.25,0.99,2.019,-2.526,-93.35,-0.1344,725,51.7,-178.26,0.82,2.116,-2.776,-207.95,-1.0569,356,53.7,-20.1,0.95,1.832,-2.243,-67.45,-0.4266,-1.6179000000000001,-206.60999999999999
9,21,7,2.0,14,20,1.2,6,3,110,52.7,-22.57,0.83,1.857,-2.505,-31.07,-0.8885,76,51.3,-15.08,0.85,2.202,-2.728,-42.28,-0.4484,29,51.7,-3.48,0.89,1.809,-2.187,-14.84,-0.2952,-1.6320999999999999,-41.129999999999995
13,34,7,2.0,14,14,1.2,4,3,739,55.2,-17.0,0.98,2.003,-2.52,-96.79,-0.2643,708,52.1,-169.89,0.82,2.085,-2.771,-186.25,-1.1305,344,54.7,-9.46,0.97,1.809,-2.241,-56.89,-0.2458,-1.6406,-196.35
13,21,10,2.0,14,14,1.5,4,3,728,55.4,-1.85,1.0,2.033,-2.526,-90.12,-0.0315,722,51.8,-183.57,0.81,2.094,-2.778,-204.02,-1.1011,351,53.6,-22.41,0.94,1.824,-2.241,-61.26,-0.5189,-1.6515,-207.82999999999998
9,34,14,2.0,14,14,1.5,4,3,724,55.4,0.13,1.0,2.028,-2.518,-101.46,0.0019,704,52.0,-164.16,0.83,2.124,-2.785,-185.51,-1.1044,351,53.3,-28.13,0.92,1.81,-2.236,-69.19,-0.5671,-1.6696,-192.16
9,34,10,2.0,14,14,1.2,4,3,741,55.2,-6.8,0.99,2.029,-2.52,-97.93,-0.1058,717,51.9,-177.62,0.81,2.095,-2.774,-203.95,-1.072,352,53.7,-22.84,0.94,1.806,-2.235,-65.68,-0.4933,-1.6711,-207.26000000000002
9,34,10,2.0,14,14,1.5,4,3,724,55.2,-8.03,0.99,2.023,-2.522,-98.66,-0.1238,708,51.8,-171.43,0.82,2.122,-2.786,-197.16,-1.0766,350,53.7,-22.22,0.94,1.807,-2.234,-66.96,-0.4718,-1.6722,-201.68
13,21,14,3.0,10,14,1.2,4,3,721,55.5,-3.46,1.0,2.019,-2.527,-114.38,-0.0464,716,51.8,-160.31,0.83,2.147,-2.774,-198.21,-1.0171,343,52.2,-30.29,0.92,1.895,-2.253,-68.19,-0.6116,-1.6751,-194.06
13,21,7,2.0,10,20,1.5,4,3,716,54.3,-37.06,0.96,2.03,-2.529,-112.35,-0.482,717,52.0,-168.49,0.82,2.111,-2.779,-204.96,-1.0245,343,54.5,-5.73,0.98,1.842,-2.244,-47.99,-0.1778,-1.6843,-211.28
9,34,14,2.0,10,14,1.5,4,3,720,55.4,-3.43,1.0,2.019,-2.521,-96.59,-0.0544,711,51.9,-163.94,0.83,2.136,-2.784,-186.75,-1.098,355,53.2,-29.05,0.92,1.811,-2.237,-75.05,-0.5396,-1.6920000000000002,-196.42000000000002
13,34,10,2.0,14,14,1.5,4,3,727,54.5,-21.12,0.97,2.044,-2.509,-104.58,-0.3011,695,51.9,-156.59,0.83,2.133,-2.775,-172.92,-1.1369,343,54.5,-10.0,0.97,1.82,-2.246,-57.15,-0.258,-1.696,-187.71
9,34,10,2.0,10,14,1.2,4,3,735,55.1,-16.27,0.98,2.013,-2.52,-102.52,-0.2391,717,51.9,-175.37,0.82,2.118,-2.792,-211.69,-1.0243,356,54.2,-21.33,0.94,1.784,-2.244,-68.31,-0.4469,-1.7103000000000002,-212.97000000000003
13,34,10,2.0,14,14,1.2,4,3,741,54.5,-26.77,0.97,2.032,-2.515,-102.87,-0.3857,707,51.9,-175.45,0.81,2.084,-2.766,-191.81,-1.1244,347,54.8,-6.68,0.98,1.82,-2.246,-49.52,-0.2007,-1.7107999999999999,-208.9
13,21,10,3.0,10,14,1.5,4,3,722,55.0,-12.56,0.98,2.027,-2.515,-112.34,-0.1691,710,51.1,-172.96,0.82,2.17,-2.769,-209.72,-1.0172,336,53.0,-23.92,0.93,1.855,-2.242,-63.76,-0.5269,-1.7132,-209.44
9,21,7,2.0,14,14,1.2,6,3,111,49.5,-28.89,0.79,2.002,-2.482,-33.48,-0.9926,84,52.4,-19.92,0.82,2.02,-2.72,-42.79,-0.5662,28,53.6,-1.5,0.95,1.794,-2.185,-12.82,-0.1575,-1.7163000000000002,-50.31
9,21,14,2.0,10,20,1.5,4,3,730,54.9,-16.41,0.98,2.036,-2.532,-90.47,-0.2725,723,52.1,-160.9,0.83,2.126,-2.781,-192.83,-1.0518,355,53.8,-17.68,0.95,1.826,-2.234,-65.01,-0.3921,-1.7164000000000001,-194.99
9,21,14,2.0,10,20,1.2,4,3,739,55.1,-16.36,0.98,2.027,-2.535,-100.78,-0.2444,725,52.1,-161.47,0.83,2.132,-2.787,-189.09,-1.0766,361,53.7,-18.75,0.95,1.828,-2.235,-67.7,-0.3985,-1.7195,-196.57999999999998
13,21,10,2.0,10,20,1.2,4,3,731,54.6,-30.31,0.96,2.027,-2.528,-107.27,-0.4171,720,51.4,-187.24,0.81,2.126,-2.783,-221.48,-1.0291,357,54.1,-9.99,0.97,1.852,-2.241,-53.18,-0.2764,-1.7226,-227.54000000000002
9,21,10,2.0,10,20,1.5,4,3,725,55.0,-15.66,0.98,2.034,-2.538,-91.92,-0.2564,726,51.4,-192.53,0.8,2.118,-2.783,-225.46,-1.0348,353,53.8,-18.43,0.95,1.829,-2.246,-61.37,-0.4318,-1.7229999999999999,-226.62
9,34,10,2.0,10,14,1.5,4,3,717,55.1,-15.71,0.98,2.017,-2.523,-103.68,-0.2283,713,51.8,-170.07,0.82,2.136,-2.786,-201.17,-1.05,354,53.7,-23.62,0.94,1.808,-2.239,-75.37,-0.4448,-1.7231,-209.4
13,21,14,2.0,10,20,1.5,4,3,722,54.3,-29.15,0.96,2.049,-2.522,-101.87,-0.422,718,52.1,-163.57,0.83,2.115,-2.775,-196.43,-1.0441,348,54.3,-10.07,0.97,1.83,-2.239,-57.58,-0.2577,-1.7238,-202.79
9,34,14,2.0,14,14,1.2,4,3,740,55.4,-0.14,1.0,2.029,-2.521,-97.95,-0.0023,712,52.1,-163.74,0.83,2.107,-2.772,-185.7,-1.103,353,53.0,-32.24,0.91,1.814,-2.237,-71.32,-0.6227,-1.728,-196.12
13,34,10,2.0,10,20,1.2,4,3,731,54.2,-44.4,0.95,2.014,-2.514,-131.4,-0.4897,698,51.4,-165.48,0.82,2.16,-2.776,-186.2,-1.1032,345,54.5,-4.25,0.99,1.857,-2.25,-46.31,-0.137,-1.7299,-214.13
13,34,14,2.0,10,14,1.5,4,3,720,55.0,-4.84,0.99,2.04,-2.508,-103.03,-0.0717,701,51.4,-166.14,0.82,2.163,-2.771,-183.38,-1.124,347,53.3,-26.09,0.93,1.827,-2.247,-65.3,-0.56,-1.7557000000000003,-197.07
13,34,10,2.0,10,14,1.5,4,3,717,54.7,-17.12,0.98,2.037,-2.51,-111.4,-0.2307,699,51.8,-152.71,0.84,2.158,-2.771,-175.53,-1.0983,346,53.8,-18.86,0.95,1.834,-2.249,-63.25,-0.4276,-1.7566,-188.69
13,21,14,2.0,14,20,1.5,4,3,728,54.4,-26.58,0.97,2.048,-2.523,-102.52,-0.3839,712,52.2,-160.72,0.83,2.097,-2.767,-183.13,-1.1019,343,54.5,-9.49,0.97,1.817,-2.239,-51.27,-0.2728,-1.7586000000000002,-196.79000000000002
9,34,10,2.0,14,20,1.2,4,3,735,55.0,-19.18,0.98,2.02,-2.524,-104.29,-0.2758,705,52.1,-159.24,0.83,2.125,-2.779,-187.14,-1.0688,351,53.6,-17.25,0.95,1.848,-2.237,-59.0,-0.4206,-1.7652,-195.67000000000002
9,34,10,2.0,10,20,1.2,4,3,730,54.7,-31.76,0.96,2.014,-2.523,-116.4,-0.4025,709,51.6,-169.48,0.82,2.151,-2.79,-205.32,-1.0249,354,54.0,-15.09,0.96,1.832,-2.239,-64.51,-0.34,-1.7674,-216.32999999999998
13,21,10,3.0,10,20,1.2,4,3,721,55.2,-7.36,0.99,2.024,-2.516,-102.75,-0.109,714,51.8,-151.97,0.84,2.158,-2.763,-192.57,-1.0014,341,52.2,-31.0,0.92,1.883,-2.246,-64.58,-0.6586,-1.7690000000000001,-190.33
13,34,10,2.0,10,14,1.2,4,3,732,54.8,-24.68,0.97,2.014,-2.515,-105.2,-0.349,705,51.6,-177.41,0.81,2.115,-2.778,-199.02,-1.093,349,54.7,-12.41,0.97,1.8,-2.255,-55.41,-0.3285,-1.7705,-214.5
13,21,14,2.0,10,20,1.2,4,3,733,54.4,-31.77,0.96,2.035,-2.526,-106.69,-0.4385,720,51.8,-172.63,0.82,2.125,-2.782,-202.2,-1.0591,357,54.1,-10.86,0.97,1.841,-2.232,-58.46,-0.273,-1.7706,-215.26
13,21,10,3.0,14,14,1.2,4,3,728,54.9,-10.37,0.99,2.041,-2.52,-118.76,-0.1324,720,52.4,-151.52,0.84,2.106,-2.756,-174.41,-1.1052,336,53.0,-19.33,0.95,1.898,-2.261,-50.4,-0.5442,-1.7818,-181.22000000000003
13,21,14,2.0,14,20,1.2,4,3,736,54.8,-18.51,0.98,2.04,-2.524,-96.74,-0.2866,716,52.0,-177.5,0.81,2.09,-2.776,-193.05,-1.1315,353,53.8,-14.15,0.96,1.845,-2.237,-55.44,-0.3707,-1.7888,-210.16
9,34,7,2.0,14,20,1.5,4,3,720,54.7,-23.09,0.97,2.03,-2.524,-103.84,-0.3312,703,52.5,-144.11,0.84,2.117,-2.77,-179.37,-1.0286,339,53.7,-17.37,0.95,1.834,-2.236,-58.01,-0.4301,-1.7898999999999998,-184.57000000000002
13,34,14,2.0,14,20,1.2,4,3,738,54.3,-36.9,0.96,2.022,-2.516,-112.63,-0.4794,694,52.2,-149.32,0.84,2.127,-2.769,-165.65,-1.1419,344,54.4,-6.66,0.98,1.85,-2.246,-50.86,-0.1945,-1.8157999999999999,-192.88
9,21,14,2.0,14,20,1.5,4,3,736,54.8,-18.17,0.98,2.046,-2.531,-91.25,-0.2983,720,51.9,-172.26,0.82,2.115,-2.784,-190.78,-1.1207,354,54.2,-15.93,0.96,1.808,-2.241,-57.96,-0.3983,-1.8173,-206.36
9,34,14,2.0,10,20,1.5,4,3,717,54.7,-13.99,0.98,2.054,-2.521,-88.68,-0.2371,706,52.4,-144.19,0.85,2.133,-2.778,-175.09,-1.0552,348,53.2,-26.21,0.93,1.837,-2.246,-69.55,-0.5284,-1.8207,-184.39000000000001
9,34,10,2.0,10,20,1.5,4,3,714,54.3,-26.17,0.97,2.052,-2.523,-102.92,-0.3763,707,52.1,-155.19,0.84,2.138,-2.778,-194.37,-1.0088,347,53.3,-22.0,0.94,1.848,-2.247,-71.08,-0.4397,-1.8248,-203.36
13,21,7,3.0,10,14,1.2,4,3,726,55.4,-12.31,0.98,2.003,-2.524,-112.06,-0.1666,718,51.8,-161.97,0.83,2.139,-2.767,-194.88,-1.043,340,52.6,-26.45,0.93,1.884,-2.259,-59.39,-0.6199,-1.8295,-200.73
9,21,7,2.0,14,20,1.5,4,3,732,54.8,-18.98,0.98,2.045,-2.535,-94.89,-0.2994,724,50.8,-216.2,0.78,2.11,-2.789,-239.36,-1.0612,350,54.0,-19.2,0.95,1.811,-2.246,-56.92,-0.4834,-1.8439999999999999,-254.37999999999997
13,21,10,2.0,10,20,1.5,4,3,718,54.2,-36.23,0.96,2.044,-2.527,-111.0,-0.477,718,51.7,-178.18,0.81,2.116,-2.775,-215.71,-1.0163,348,53.7,-14.24,0.96,1.859,-2.247,-57.34,-0.3604,-1.8537000000000001,-228.65
13,21,10,2.0,14,20,1.2,4,3,736,54.8,-20.05,0.98,2.038,-2.526,-100.29,-0.299,719,51.6,-192.44,0.8,2.086,-2.776,-210.22,-1.1061,353,53.5,-16.01,0.96,1.861,-2.242,-50.83,-0.4537,-1.8588,-228.5
9,34,14,2.0,10,14,1.2,4,3,736,55.2,-12.59,0.98,2.018,-2.521,-102.55,-0.1858,714,52.1,-165.51,0.83,2.12,-2.79,-193.53,-1.0696,357,53.2,-33.48,0.91,1.795,-2.243,-74.71,-0.617,-1.8724,-211.57999999999998
9,34,14,2.0,14,20,1.2,4,3,734,55.2,-12.53,0.98,2.02,-2.525,-97.4,-0.1945,701,52.5,-144.29,0.84,2.123,-2.779,-167.82,-1.1002,352,52.8,-27.01,0.93,1.854,-2.24,-65.08,-0.5793,-1.874,-183.82999999999998
9,34,10,2.0,14,20,1.5,4,3,721,54.4,-26.46,0.97,2.049,-2.521,-103.58,-0.3781,702,52.4,-142.48,0.85,2.122,-2.764,-174.79,-1.0447,343,53.4,-20.33,0.94,1.848,-2.24,-60.33,-0.4796,-1.9024,-189.26999999999998
13,34,14,2.0,14,14,1.2,4,3,740,54.7,-20.06,0.98,2.031,-2.516,-94.15,-0.3184,704,52.0,-167.53,0.82,2.096,-2.765,-183.89,-1.1303,347,53.9,-18.91,0.95,1.822,-2.248,-58.08,-0.4668,-1.9155000000000002,-206.5
9,34,14,2.0,14,20,1.5,4,3,721,54.5,-18.36,0.98,2.054,-2.517,-97.13,-0.2826,698,52.9,-127.53,0.86,2.119,-2.764,-155.47,-1.0712,344,53.2,-25.02,0.93,1.837,-2.243,-61.34,-0.5723,-1.9261,-170.91
13,34,7,2.0,10,20,1.5,4,3,715,53.8,-47.06,0.94,2.031,-2.512,-129.76,-0.5223,690,52.6,-127.01,0.86,2.147,-2.771,-153.97,-1.0755,334,53.9,-12.14,0.96,1.855,-2.248,-52.9,-0.3345,-1.9323,-186.20999999999998
9,34,14,2.0,10,20,1.2,4,3,731,54.7,-28.12,0.97,2.019,-2.524,-110.71,-0.3764,708,52.0,-158.49,0.83,2.146,-2.789,-186.04,-1.0726,355,53.2,-24.37,0.93,1.837,-2.239,-68.04,-0.5054,-1.9544000000000001,-210.98000000000002
13,21,7,2.0,14,20,1.5,4,3,725,54.2,-39.37,0.95,2.035,-2.528,-117.94,-0.4865,716,52.0,-176.28,0.82,2.089,-2.772,-206.01,-1.0547,339,54.0,-13.76,0.96,1.837,-2.243,-48.23,-0.4134,-1.9546,-229.41
13,21,10,3.0,10,14,1.2,4,3,726,55.2,-11.76,0.99,2.018,-2.526,-117.53,-0.1518,718,52.2,-149.46,0.84,2.133,-2.768,-187.71,-1.0158,341,51.3,-43.25,0.88,1.892,-2.255,-71.72,-0.7961,-1.9637,-204.47
13,21,10,2.0,14,20,1.5,4,3,726,54.1,-36.72,0.96,2.049,-2.528,-114.66,-0.468,715,51.9,-175.66,0.82,2.093,-2.768,-202.44,-1.0695,343,53.6,-16.38,0.95,1.851,-2.245,-51.7,-0.4557,-1.9931999999999999,-228.76
9,21,10,2.0,14,20,1.5,4,3,734,54.5,-25.98,0.97,2.052,-2.536,-101.21,-0.3807,726,51.2,-203.44,0.79,2.103,-2.784,-225.18,-1.0796,354,53.7,-23.65,0.94,1.815,-2.247,-59.21,-0.5648,-2.0251,-253.07
13,34,14,2.0,10,20,1.2,4,3,732,54.2,-40.76,0.95,2.019,-2.515,-125.71,-0.4721,698,51.6,-161.98,0.83,2.157,-2.777,-177.12,-1.1405,346,53.8,-15.32,0.96,1.853,-2.25,-52.21,-0.4239,-2.0365,-218.05999999999997
13,34,14,2.0,10,14,1.2,4,3,733,54.8,-20.99,0.97,2.019,-2.516,-99.51,-0.3152,705,51.5,-177.85,0.81,2.127,-2.778,-193.88,-1.1237,350,53.4,-29.65,0.92,1.806,-2.254,-67.08,-0.6144,-2.0532999999999997,-228.49
13,34,7,2.0,14,20,1.5,4,3,726,53.3,-67.8,0.92,2.025,-2.512,-141.23,-0.6727,688,52.6,-128.45,0.86,2.13,-2.76,-147.74,-1.1297,332,53.9,-12.6,0.96,1.847,-2.243,-55.85,-0.3285,-2.1309,-208.85
13,34,10,2.0,14,20,1.5,4,3,726,53.0,-66.45,0.92,2.05,-2.51,-136.18,-0.6837,687,52.4,-131.66,0.85,2.136,-2.754,-150.96,-1.1274,336,53.9,-12.25,0.96,1.857,-2.248,-50.92,-0.3504,-2.1614999999999998,-210.36
13,34,10,2.0,10,20,1.5,4,3,716,53.4,-53.84,0.94,2.052,-2.509,-132.95,-0.5767,690,51.9,-144.82,0.84,2.159,-2.764,-168.89,-1.0904,339,53.1,-21.0,0.94,1.874,-2.254,-57.65,-0.5161,-2.1832000000000003,-219.66
13,34,14,2.0,14,20,1.5,4,3,726,53.4,-49.69,0.94,2.057,-2.508,-117.42,-0.6061,687,52.4,-134.69,0.85,2.129,-2.755,-153.98,-1.1265,336,53.6,-17.75,0.95,1.85,-2.249,-52.74,-0.4816,-2.2142,-202.13
13,34,14,2.0,10,20,1.5,4,3,719,53.7,-41.65,0.95,2.055,-2.507,-118.71,-0.5081,692,51.7,-153.34,0.83,2.151,-2.765,-171.82,-1.1228,340,52.6,-28.29,0.92,1.867,-2.252,-59.76,-0.6552,-2.2861000000000002,-223.28
